gameweek_gameweek,gameweek_compSeason_label,teams_team_1_name,teams_team_2_name,ground_name,team_1_hue
20,2023,West Ham United,Brighton & Hove Albion,London Stadium,2
20,2023,Liverpool,Newcastle United,Anfield,1
20,2023,Fulham,Arsenal,Craven Cottage,1
20,2023,Tottenham Hotspur,Bournemouth,Tottenham Hotspur Stadium,1
20,2023,Nottingham Forest,Manchester United,The City Ground,1
20,2023,Aston Villa,Burnley,Villa Park,1
20,2023,Crystal Palace,Brentford,Selhurst Park,1
20,2023,Manchester City,Sheffield United,Etihad Stadium,1
20,2023,Wolverhampton Wanderers,Everton,Molineux Stadium,1
20,2023,Luton Town,Chelsea,Kenilworth Road,0
19,2023,Arsenal,West Ham United,Emirates Stadium,0
19,2023,Brighton & Hove Albion,Tottenham Hotspur,American Express Stadium,1
19,2023,Everton,Manchester City,Goodison Park,0
19,2023,Brentford,Wolverhampton Wanderers,Gtech Community Stadium,0
19,2023,Chelsea,Crystal Palace,Stamford Bridge,1
19,2023,Manchester United,Aston Villa,Old Trafford,1
19,2023,Burnley,Liverpool,Turf Moor,0
19,2023,Bournemouth,Fulham,Vitality Stadium,1
19,2023,Sheffield United,Luton Town,Bramall Lane,0
19,2023,Newcastle United,Nottingham Forest,St. James' Park,0
18,2023,Wolverhampton Wanderers,Chelsea,Molineux Stadium,1
18,2023,Liverpool,Arsenal,Anfield,2
18,2023,Fulham,Burnley,Craven Cottage,0
18,2023,Luton Town,Newcastle United,Kenilworth Road,1
18,2023,Nottingham Forest,Bournemouth,The City Ground,0
18,2023,Tottenham Hotspur,Everton,Tottenham Hotspur Stadium,1
18,2023,West Ham United,Manchester United,London Stadium,1
18,2023,Aston Villa,Sheffield United,Villa Park,2
18,2023,Crystal Palace,Brighton & Hove Albion,Selhurst Park,2
17,2023,Liverpool,Manchester United,Anfield,2
17,2023,Arsenal,Brighton & Hove Albion,Emirates Stadium,1
17,2023,Brentford,Aston Villa,Gtech Community Stadium,0
17,2023,West Ham United,Wolverhampton Wanderers,London Stadium,1
17,2023,Burnley,Everton,Turf Moor,0
17,2023,Chelsea,Sheffield United,Stamford Bridge,1
17,2023,Manchester City,Crystal Palace,Etihad Stadium,2
17,2023,Newcastle United,Fulham,St. James' Park,1
17,2023,Nottingham Forest,Tottenham Hotspur,The City Ground,0
16,2023,Tottenham Hotspur,Newcastle United,Tottenham Hotspur Stadium,1
16,2023,Everton,Chelsea,Goodison Park,1
16,2023,Fulham,West Ham United,Craven Cottage,1
16,2023,Luton Town,Manchester City,Kenilworth Road,0
16,2023,Aston Villa,Arsenal,Villa Park,1
16,2023,Brighton & Hove Albion,Burnley,American Express Stadium,2
16,2023,Manchester United,Bournemouth,Old Trafford,0
16,2023,Sheffield United,Brentford,Bramall Lane,1
16,2023,Wolverhampton Wanderers,Nottingham Forest,Molineux Stadium,2
16,2023,Crystal Palace,Liverpool,Selhurst Park,0
15,2023,Tottenham Hotspur,West Ham United,Tottenham Hotspur Stadium,0
15,2023,Everton,Newcastle United,Goodison Park,1
15,2023,Aston Villa,Manchester City,Villa Park,1
15,2023,Manchester United,Chelsea,Old Trafford,1
15,2023,Brighton & Hove Albion,Brentford,American Express Stadium,1
15,2023,Crystal Palace,Bournemouth,Selhurst Park,0
15,2023,Fulham,Nottingham Forest,Craven Cottage,1
15,2023,Sheffield United,Liverpool,Bramall Lane,0
15,2023,Luton Town,Arsenal,Kenilworth Road,0
15,2023,Wolverhampton Wanderers,Burnley,Molineux Stadium,1
14,2023,Manchester City,Tottenham Hotspur,Etihad Stadium,2
14,2023,Bournemouth,Aston Villa,Vitality Stadium,2
14,2023,Chelsea,Brighton & Hove Albion,Stamford Bridge,1
14,2023,Liverpool,Fulham,Anfield,1
14,2023,West Ham United,Crystal Palace,London Stadium,2
14,2023,Newcastle United,Manchester United,St. James' Park,1
14,2023,Nottingham Forest,Everton,The City Ground,0
14,2023,Arsenal,Wolverhampton Wanderers,Emirates Stadium,1
14,2023,Brentford,Luton Town,Gtech Community Stadium,1
14,2023,Burnley,Sheffield United,Turf Moor,1
13,2023,Fulham,Wolverhampton Wanderers,Craven Cottage,1
13,2023,Everton,Manchester United,Goodison Park,0
13,2023,Tottenham Hotspur,Aston Villa,Tottenham Hotspur Stadium,0
13,2023,Brentford,Arsenal,Gtech Community Stadium,0
13,2023,Burnley,West Ham United,Turf Moor,0
13,2023,Luton Town,Crystal Palace,Kenilworth Road,1
13,2023,Newcastle United,Chelsea,St. James' Park,1
13,2023,Nottingham Forest,Brighton & Hove Albion,The City Ground,0
13,2023,Sheffield United,Bournemouth,Bramall Lane,0
13,2023,Manchester City,Liverpool,Etihad Stadium,2
12,2023,Chelsea,Manchester City,Stamford Bridge,2
12,2023,Aston Villa,Fulham,Villa Park,1
12,2023,Brighton & Hove Albion,Sheffield United,American Express Stadium,2
12,2023,Liverpool,Brentford,Anfield,1
12,2023,West Ham United,Nottingham Forest,London Stadium,1
12,2023,Bournemouth,Newcastle United,Vitality Stadium,1
12,2023,Arsenal,Burnley,Emirates Stadium,1
12,2023,Crystal Palace,Everton,Selhurst Park,0
12,2023,Manchester United,Luton Town,Old Trafford,1
12,2023,Wolverhampton Wanderers,Tottenham Hotspur,Molineux Stadium,1
11,2023,Tottenham Hotspur,Chelsea,Tottenham Hotspur Stadium,0
11,2023,Luton Town,Liverpool,Kenilworth Road,2
11,2023,Nottingham Forest,Aston Villa,The City Ground,1
11,2023,Newcastle United,Arsenal,St. James' Park,1
11,2023,Brentford,West Ham United,Gtech Community Stadium,1
11,2023,Burnley,Crystal Palace,Turf Moor,0
11,2023,Everton,Brighton & Hove Albion,Goodison Park,2
11,2023,Manchester City,Bournemouth,Etihad Stadium,1
11,2023,Sheffield United,Wolverhampton Wanderers,Bramall Lane,1
11,2023,Fulham,Manchester United,Craven Cottage,0
10,2023,Manchester United,Manchester City,Old Trafford,0
10,2023,Aston Villa,Luton Town,Villa Park,1
10,2023,Brighton & Hove Albion,Fulham,American Express Stadium,2
10,2023,Liverpool,Nottingham Forest,Anfield,1
10,2023,West Ham United,Everton,London Stadium,0
10,2023,Wolverhampton Wanderers,Newcastle United,Molineux Stadium,2
10,2023,Arsenal,Sheffield United,Emirates Stadium,1
10,2023,Bournemouth,Burnley,Vitality Stadium,1
10,2023,Chelsea,Brentford,Stamford Bridge,0
10,2023,Crystal Palace,Tottenham Hotspur,Selhurst Park,0
9,2023,Tottenham Hotspur,Fulham,Tottenham Hotspur Stadium,1
9,2023,Aston Villa,West Ham United,Villa Park,1
9,2023,Sheffield United,Manchester United,Bramall Lane,0
9,2023,Chelsea,Arsenal,Stamford Bridge,2
9,2023,Bournemouth,Wolverhampton Wanderers,Vitality Stadium,0
9,2023,Brentford,Burnley,Gtech Community Stadium,1
9,2023,Manchester City,Brighton & Hove Albion,Etihad Stadium,1
9,2023,Newcastle United,Crystal Palace,St. James' Park,1
9,2023,Nottingham Forest,Luton Town,The City Ground,2
9,2023,Liverpool,Everton,Anfield,1
8,2023,Arsenal,Manchester City,Emirates Stadium,1
8,2023,Brighton & Hove Albion,Liverpool,American Express Stadium,2
8,2023,West Ham United,Newcastle United,London Stadium,2
8,2023,Wolverhampton Wanderers,Aston Villa,Molineux Stadium,2
8,2023,Crystal Palace,Nottingham Forest,Selhurst Park,2
8,2023,Burnley,Chelsea,Turf Moor,0
8,2023,Everton,Bournemouth,Goodison Park,1
8,2023,Fulham,Sheffield United,Craven Cottage,1
8,2023,Manchester United,Brentford,Old Trafford,1
8,2023,Luton Town,Tottenham Hotspur,Kenilworth Road,0
7,2023,Luton Town,Burnley,Kenilworth Road,0
7,2023,Fulham,Chelsea,Craven Cottage,0
7,2023,Nottingham Forest,Brentford,The City Ground,2
7,2023,Tottenham Hotspur,Liverpool,Tottenham Hotspur Stadium,1
7,2023,Bournemouth,Arsenal,Vitality Stadium,0
7,2023,Everton,Luton Town,Goodison Park,0
7,2023,Manchester United,Crystal Palace,Old Trafford,0
7,2023,Newcastle United,Burnley,St. James' Park,1
7,2023,West Ham United,Sheffield United,London Stadium,1
7,2023,Wolverhampton Wanderers,Manchester City,Molineux Stadium,1
7,2023,Aston Villa,Brighton & Hove Albion,Villa Park,1
6,2023,Sheffield United,Newcastle United,Bramall Lane,0
6,2023,Arsenal,Tottenham Hotspur,Emirates Stadium,2
6,2023,Brighton & Hove Albion,Bournemouth,American Express Stadium,1
6,2023,Chelsea,Aston Villa,Stamford Bridge,0
6,2023,Liverpool,West Ham United,Anfield,1
6,2023,Burnley,Manchester United,Turf Moor,0
6,2023,Brentford,Everton,Gtech Community Stadium,0
6,2023,Crystal Palace,Fulham,Selhurst Park,2
6,2023,Luton Town,Wolverhampton Wanderers,Kenilworth Road,2
6,2023,Manchester City,Nottingham Forest,Etihad Stadium,1
5,2023,Nottingham Forest,Burnley,The City Ground,2
5,2023,Everton,Arsenal,Goodison Park,0
5,2023,Bournemouth,Chelsea,Vitality Stadium,2
5,2023,Newcastle United,Brentford,St. James' Park,1
5,2023,Aston Villa,Crystal Palace,Villa Park,1
5,2023,Fulham,Luton Town,Craven Cottage,1
5,2023,Manchester United,Brighton & Hove Albion,Old Trafford,0
5,2023,Tottenham Hotspur,Sheffield United,Tottenham Hotspur Stadium,1
5,2023,West Ham United,Manchester City,London Stadium,0
5,2023,Wolverhampton Wanderers,Liverpool,Molineux Stadium,0
4,2023,Arsenal,Manchester United,Emirates Stadium,1
4,2023,Crystal Palace,Wolverhampton Wanderers,Selhurst Park,1
4,2023,Liverpool,Aston Villa,Anfield,1
4,2023,Brighton & Hove Albion,Newcastle United,American Express Stadium,1
4,2023,Brentford,Bournemouth,Gtech Community Stadium,2
4,2023,Burnley,Tottenham Hotspur,Turf Moor,0
4,2023,Chelsea,Nottingham Forest,Stamford Bridge,0
4,2023,Manchester City,Fulham,Etihad Stadium,1
4,2023,Sheffield United,Everton,Bramall Lane,2
4,2023,Luton Town,West Ham United,Kenilworth Road,0
3,2023,Newcastle United,Liverpool,St. James' Park,0
3,2023,Burnley,Aston Villa,Turf Moor,0
3,2023,Sheffield United,Manchester City,Bramall Lane,0
3,2023,Brighton & Hove Albion,West Ham United,American Express Stadium,0
3,2023,Arsenal,Fulham,Emirates Stadium,2
3,2023,Brentford,Crystal Palace,Gtech Community Stadium,2
3,2023,Everton,Wolverhampton Wanderers,Goodison Park,0
3,2023,Manchester United,Nottingham Forest,Old Trafford,1
3,2023,Bournemouth,Tottenham Hotspur,Vitality Stadium,0
3,2023,Chelsea,Luton Town,Stamford Bridge,1
2,2023,Crystal Palace,Arsenal,Selhurst Park,0
2,2023,West Ham United,Chelsea,London Stadium,1
2,2023,Aston Villa,Everton,Villa Park,1
2,2023,Manchester City,Newcastle United,Etihad Stadium,1
2,2023,Tottenham Hotspur,Manchester United,Tottenham Hotspur Stadium,1
2,2023,Fulham,Brentford,Craven Cottage,0
2,2023,Liverpool,Bournemouth,Anfield,1
2,2023,Wolverhampton Wanderers,Brighton & Hove Albion,Molineux Stadium,0
2,2023,Nottingham Forest,Sheffield United,The City Ground,1
1,2023,Manchester United,Wolverhampton Wanderers,Old Trafford,1
1,2023,Chelsea,Liverpool,Stamford Bridge,2
1,2023,Brentford,Tottenham Hotspur,Gtech Community Stadium,2
1,2023,Newcastle United,Aston Villa,St. James' Park,1
1,2023,Bournemouth,West Ham United,Vitality Stadium,2
1,2023,Brighton & Hove Albion,Luton Town,American Express Stadium,1
1,2023,Everton,Fulham,Goodison Park,0
1,2023,Sheffield United,Crystal Palace,Bramall Lane,0
1,2023,Arsenal,Nottingham Forest,Emirates Stadium,1
1,2023,Burnley,Manchester City,Turf Moor,0
38,2022,Arsenal,Wolverhampton Wanderers,Emirates Stadium,1
38,2022,Aston Villa,Brighton & Hove Albion,Villa Park,1
38,2022,Brentford,Manchester City,Gtech Community Stadium,1
38,2022,Chelsea,Newcastle United,Stamford Bridge,2
38,2022,Crystal Palace,Nottingham Forest,Selhurst Park,2
38,2022,Everton,Bournemouth,Goodison Park,1
38,2022,Leeds United,Tottenham Hotspur,Elland Road,0
38,2022,Leicester City,West Ham United,King Power Stadium,1
38,2022,Manchester United,Fulham,Old Trafford,1
38,2022,Southampton,Liverpool,St. Mary's Stadium,2
37,2022,Manchester United,Chelsea,Old Trafford,1
37,2022,Brighton & Hove Albion,Manchester City,Amex Stadium,2
37,2022,Newcastle United,Leicester City,St. James' Park,2
37,2022,Manchester City,Chelsea,Etihad Stadium,1
37,2022,Brighton & Hove Albion,Southampton,Amex Stadium,1
37,2022,West Ham United,Leeds United,London Stadium,1
37,2022,Nottingham Forest,Arsenal,The City Ground,1
37,2022,Bournemouth,Manchester United,Vitality Stadium,0
37,2022,Fulham,Crystal Palace,Craven Cottage,2
37,2022,Liverpool,Aston Villa,Anfield,2
37,2022,Wolverhampton Wanderers,Everton,Molineux Stadium,2
37,2022,Tottenham Hotspur,Brentford,Tottenham Hotspur Stadium,0
36,2022,Newcastle United,Brighton & Hove Albion,St. James' Park,1
36,2022,Leicester City,Liverpool,King Power Stadium,0
36,2022,Arsenal,Brighton & Hove Albion,Emirates Stadium,0
36,2022,Brentford,West Ham United,Gtech Community Stadium,1
36,2022,Everton,Manchester City,Goodison Park,0
36,2022,Aston Villa,Tottenham Hotspur,Villa Park,1
36,2022,Chelsea,Nottingham Forest,Stamford Bridge,2
36,2022,Crystal Palace,Bournemouth,Selhurst Park,1
36,2022,Manchester United,Wolverhampton Wanderers,Old Trafford,1
36,2022,Southampton,Fulham,St. Mary's Stadium,0
36,2022,Leeds United,Newcastle United,Elland Road,2
35,2022,Nottingham Forest,Southampton,The City Ground,1
35,2022,Brighton & Hove Albion,Everton,Amex Stadium,0
35,2022,Fulham,Leicester City,Craven Cottage,1
35,2022,West Ham United,Manchester United,London Stadium,1
35,2022,Newcastle United,Arsenal,St. James' Park,0
35,2022,Liverpool,Brentford,Anfield,1
35,2022,Bournemouth,Chelsea,Vitality Stadium,0
35,2022,Manchester City,Leeds United,Etihad Stadium,1
35,2022,Tottenham Hotspur,Crystal Palace,Tottenham Hotspur Stadium,1
35,2022,Wolverhampton Wanderers,Aston Villa,Molineux Stadium,1
34,2022,Brighton & Hove Albion,Manchester United,Amex Stadium,1
34,2022,Liverpool,Fulham,Anfield,1
34,2022,Manchester City,West Ham United,Etihad Stadium,1
34,2022,Arsenal,Chelsea,Emirates Stadium,1
34,2022,Leicester City,Everton,King Power Stadium,2
34,2022,Liverpool,Tottenham Hotspur,Anfield,1
34,2022,Bournemouth,Leeds United,Vitality Stadium,1
34,2022,Fulham,Manchester City,Craven Cottage,0
34,2022,Manchester United,Aston Villa,Old Trafford,1
34,2022,Newcastle United,Southampton,St. James' Park,1
34,2022,Brentford,Nottingham Forest,Gtech Community Stadium,1
34,2022,Brighton & Hove Albion,Wolverhampton Wanderers,Amex Stadium,1
34,2022,Crystal Palace,West Ham United,Selhurst Park,1
33,2022,Tottenham Hotspur,Manchester United,Tottenham Hotspur Stadium,2
33,2022,Everton,Newcastle United,Goodison Park,0
33,2022,Southampton,Bournemouth,St. Mary's Stadium,0
33,2022,Manchester City,Arsenal,Etihad Stadium,1
33,2022,Chelsea,Brentford,Stamford Bridge,0
33,2022,West Ham United,Liverpool,London Stadium,0
33,2022,Nottingham Forest,Brighton & Hove Albion,The City Ground,1
33,2022,Leeds United,Leicester City,Elland Road,2
33,2022,Aston Villa,Fulham,Villa Park,1
33,2022,Wolverhampton Wanderers,Crystal Palace,Molineux Stadium,1
32,2022,Bournemouth,West Ham United,Vitality Stadium,0
32,2022,Newcastle United,Tottenham Hotspur,St. James' Park,1
32,2022,Brentford,Aston Villa,Gtech Community Stadium,2
32,2022,Crystal Palace,Everton,Selhurst Park,2
32,2022,Leicester City,Wolverhampton Wanderers,King Power Stadium,1
32,2022,Liverpool,Nottingham Forest,Anfield,1
32,2022,Fulham,Leeds United,Craven Cottage,1
32,2022,Arsenal,Southampton,Emirates Stadium,2
31,2022,Leeds United,Liverpool,Elland Road,0
31,2022,Nottingham Forest,Manchester United,The City Ground,0
31,2022,West Ham United,Arsenal,London Stadium,2
31,2022,Manchester City,Leicester City,Etihad Stadium,1
31,2022,Tottenham Hotspur,Bournemouth,Tottenham Hotspur Stadium,0
31,2022,Chelsea,Brighton & Hove Albion,Stamford Bridge,0
31,2022,Everton,Fulham,Goodison Park,0
31,2022,Southampton,Crystal Palace,St. Mary's Stadium,0
31,2022,Wolverhampton Wanderers,Brentford,Molineux Stadium,1
31,2022,Aston Villa,Newcastle United,Villa Park,1
30,2022,Liverpool,Arsenal,Anfield,2
30,2022,Leeds United,Crystal Palace,Elland Road,0
30,2022,Southampton,Manchester City,St. Mary's Stadium,0
30,2022,Aston Villa,Nottingham Forest,Villa Park,1
30,2022,Brentford,Newcastle United,Gtech Community Stadium,0
30,2022,Fulham,West Ham United,Craven Cottage,0
30,2022,Leicester City,Bournemouth,King Power Stadium,0
30,2022,Tottenham Hotspur,Brighton & Hove Albion,Tottenham Hotspur Stadium,1
30,2022,Wolverhampton Wanderers,Chelsea,Molineux Stadium,1
30,2022,Manchester United,Everton,Old Trafford,1
29,2022,Manchester United,Brentford,Old Trafford,1
29,2022,West Ham United,Newcastle United,London Stadium,0
29,2022,Chelsea,Liverpool,Stamford Bridge,2
29,2022,Bournemouth,Brighton & Hove Albion,Vitality Stadium,0
29,2022,Leeds United,Nottingham Forest,Elland Road,1
29,2022,Leicester City,Aston Villa,King Power Stadium,0
29,2022,Everton,Tottenham Hotspur,Goodison Park,2
29,2022,Newcastle United,Manchester United,St. James' Park,1
29,2022,West Ham United,Southampton,London Stadium,1
29,2022,Chelsea,Aston Villa,Stamford Bridge,0
29,2022,Arsenal,Leeds United,Emirates Stadium,1
29,2022,Bournemouth,Fulham,Vitality Stadium,1
29,2022,Brighton & Hove Albion,Brentford,Amex Stadium,2
29,2022,Crystal Palace,Leicester City,Selhurst Park,1
29,2022,Nottingham Forest,Wolverhampton Wanderers,The City Ground,2
29,2022,Manchester City,Liverpool,Etihad Stadium,1
28,2022,Arsenal,Crystal Palace,Emirates Stadium,1
28,2022,Chelsea,Everton,Stamford Bridge,2
28,2022,Aston Villa,Bournemouth,Villa Park,1
28,2022,Brentford,Leicester City,Gtech Community Stadium,2
28,2022,Southampton,Tottenham Hotspur,St. Mary's Stadium,2
28,2022,Wolverhampton Wanderers,Leeds United,Molineux Stadium,0
28,2022,Nottingham Forest,Newcastle United,The City Ground,0
27,2022,Brighton & Hove Albion,Crystal Palace,Amex Stadium,1
27,2022,Southampton,Brentford,St. Mary's Stadium,0
27,2022,Newcastle United,Wolverhampton Wanderers,St. James' Park,1
27,2022,Fulham,Arsenal,Craven Cottage,0
27,2022,Manchester United,Southampton,Old Trafford,2
27,2022,West Ham United,Aston Villa,London Stadium,2
27,2022,Crystal Palace,Manchester City,Selhurst Park,0
27,2022,Everton,Brentford,Goodison Park,1
27,2022,Leeds United,Brighton & Hove Albion,Elland Road,2
27,2022,Leicester City,Chelsea,King Power Stadium,0
27,2022,Tottenham Hotspur,Nottingham Forest,Tottenham Hotspur Stadium,1
27,2022,Bournemouth,Liverpool,Vitality Stadium,1
26,2022,Brentford,Fulham,Gtech Community Stadium,1
26,2022,Liverpool,Manchester United,Anfield,1
26,2022,Nottingham Forest,Everton,The City Ground,2
26,2022,Southampton,Leicester City,St. Mary's Stadium,1
26,2022,Arsenal,Bournemouth,Emirates Stadium,1
26,2022,Aston Villa,Crystal Palace,Villa Park,1
26,2022,Brighton & Hove Albion,West Ham United,Amex Stadium,1
26,2022,Chelsea,Leeds United,Stamford Bridge,1
26,2022,Wolverhampton Wanderers,Tottenham Hotspur,Molineux Stadium,1
26,2022,Manchester City,Newcastle United,Etihad Stadium,1
25,2022,Liverpool,Wolverhampton Wanderers,Anfield,1
25,2022,Arsenal,Everton,Emirates Stadium,1
25,2022,Tottenham Hotspur,Chelsea,Tottenham Hotspur Stadium,1
25,2022,Crystal Palace,Liverpool,Selhurst Park,2
25,2022,Bournemouth,Manchester City,Vitality Stadium,0
25,2022,Everton,Aston Villa,Goodison Park,0
25,2022,Leeds United,Southampton,Elland Road,1
25,2022,Leicester City,Arsenal,King Power Stadium,0
25,2022,West Ham United,Nottingham Forest,London Stadium,1
25,2022,Fulham,Wolverhampton Wanderers,Craven Cottage,2
24,2022,Tottenham Hotspur,West Ham United,Tottenham Hotspur Stadium,1
24,2022,Manchester United,Leicester City,Old Trafford,1
24,2022,Newcastle United,Liverpool,St. James' Park,0
24,2022,Brentford,Crystal Palace,Gtech Community Stadium,2
24,2022,Brighton & Hove Albion,Fulham,Amex Stadium,0
24,2022,Chelsea,Southampton,Stamford Bridge,0
24,2022,Everton,Leeds United,Goodison Park,1
24,2022,Nottingham Forest,Manchester City,The City Ground,2
24,2022,Wolverhampton Wanderers,Bournemouth,Molineux Stadium,0
24,2022,Aston Villa,Arsenal,Villa Park,0
23,2022,Arsenal,Manchester City,Emirates Stadium,0
23,2022,Liverpool,Everton,Anfield,1
23,2022,Manchester City,Aston Villa,Etihad Stadium,1
23,2022,Leeds United,Manchester United,Elland Road,0
23,2022,Bournemouth,Newcastle United,Vitality Stadium,2
23,2022,Arsenal,Brentford,Emirates Stadium,2
23,2022,Crystal Palace,Brighton & Hove Albion,Selhurst Park,2
23,2022,Fulham,Nottingham Forest,Craven Cottage,1
23,2022,Leicester City,Tottenham Hotspur,King Power Stadium,1
23,2022,Southampton,Wolverhampton Wanderers,St. Mary's Stadium,0
23,2022,West Ham United,Chelsea,London Stadium,2
22,2022,Manchester United,Leeds United,Old Trafford,2
22,2022,Tottenham Hotspur,Manchester City,Tottenham Hotspur Stadium,1
22,2022,Nottingham Forest,Leeds United,The City Ground,1
22,2022,Newcastle United,West Ham United,St. James' Park,2
22,2022,Aston Villa,Leicester City,Villa Park,0
22,2022,Brentford,Southampton,Gtech Community Stadium,1
22,2022,Brighton & Hove Albion,Bournemouth,Amex Stadium,1
22,2022,Manchester United,Crystal Palace,Old Trafford,1
22,2022,Wolverhampton Wanderers,Liverpool,Molineux Stadium,1
22,2022,Everton,Arsenal,Goodison Park,1
22,2022,Chelsea,Fulham,Stamford Bridge,2
21,2022,Fulham,Tottenham Hotspur,Craven Cottage,0
21,2022,Arsenal,Manchester United,Emirates Stadium,1
21,2022,Leeds United,Brentford,Elland Road,2
21,2022,Manchester City,Wolverhampton Wanderers,Etihad Stadium,1
21,2022,Crystal Palace,Newcastle United,Selhurst Park,2
21,2022,Bournemouth,Nottingham Forest,Vitality Stadium,2
21,2022,Leicester City,Brighton & Hove Albion,King Power Stadium,2
21,2022,Southampton,Aston Villa,St. Mary's Stadium,0
21,2022,West Ham United,Everton,London Stadium,1
21,2022,Liverpool,Chelsea,Anfield,2
20,2022,Manchester City,Tottenham Hotspur,Etihad Stadium,1
20,2022,Crystal Palace,Manchester United,Selhurst Park,2
20,2022,Tottenham Hotspur,Arsenal,Tottenham Hotspur Stadium,0
20,2022,Chelsea,Crystal Palace,Stamford Bridge,1
20,2022,Newcastle United,Fulham,St. James' Park,1
20,2022,Brentford,Bournemouth,Gtech Community Stadium,1
20,2022,Brighton & Hove Albion,Liverpool,Amex Stadium,1
20,2022,Everton,Southampton,Goodison Park,0
20,2022,Nottingham Forest,Leicester City,The City Ground,1
20,2022,Wolverhampton Wanderers,West Ham United,Molineux Stadium,1
20,2022,Manchester United,Manchester City,Old Trafford,1
20,2022,Aston Villa,Leeds United,Villa Park,1
19,2022,Fulham,Chelsea,Craven Cottage,1
19,2022,Chelsea,Manchester City,Stamford Bridge,0
19,2022,Aston Villa,Wolverhampton Wanderers,Villa Park,2
19,2022,Crystal Palace,Tottenham Hotspur,Selhurst Park,0
19,2022,Leeds United,West Ham United,Elland Road,2
19,2022,Southampton,Nottingham Forest,St. Mary's Stadium,0
19,2022,Manchester United,Bournemouth,Old Trafford,1
19,2022,Arsenal,Newcastle United,Emirates Stadium,2
19,2022,Everton,Brighton & Hove Albion,Goodison Park,0
19,2022,Leicester City,Fulham,King Power Stadium,0
19,2022,Brentford,Liverpool,Gtech Community Stadium,1
18,2022,Nottingham Forest,Chelsea,The City Ground,2
18,2022,Tottenham Hotspur,Aston Villa,Tottenham Hotspur Stadium,0
18,2022,Brighton & Hove Albion,Arsenal,Amex Stadium,0
18,2022,Bournemouth,Crystal Palace,Vitality Stadium,0
18,2022,Fulham,Southampton,Craven Cottage,1
18,2022,Manchester City,Everton,Etihad Stadium,2
18,2022,Newcastle United,Leeds United,St. James' Park,2
18,2022,Wolverhampton Wanderers,Manchester United,Molineux Stadium,0
18,2022,Liverpool,Leicester City,Anfield,1
18,2022,West Ham United,Brentford,London Stadium,0
17,2022,Leeds United,Manchester City,Elland Road,0
17,2022,Manchester United,Nottingham Forest,Old Trafford,1
17,2022,Chelsea,Bournemouth,Stamford Bridge,1
17,2022,Arsenal,West Ham United,Emirates Stadium,1
17,2022,Aston Villa,Liverpool,Villa Park,0
17,2022,Crystal Palace,Fulham,Selhurst Park,0
17,2022,Everton,Wolverhampton Wanderers,Goodison Park,0
17,2022,Leicester City,Newcastle United,King Power Stadium,0
17,2022,Southampton,Brighton & Hove Albion,St. Mary's Stadium,0
17,2022,Brentford,Tottenham Hotspur,Gtech Community Stadium,2
16,2022,Fulham,Manchester United,Craven Cottage,0
16,2022,Brighton & Hove Albion,Aston Villa,Amex Stadium,0
16,2022,Wolverhampton Wanderers,Arsenal,Molineux Stadium,0
16,2022,Newcastle United,Chelsea,St. James' Park,1
16,2022,Bournemouth,Everton,Vitality Stadium,1
16,2022,Liverpool,Southampton,Anfield,1
16,2022,Nottingham Forest,Crystal Palace,The City Ground,1
16,2022,Tottenham Hotspur,Leeds United,Tottenham Hotspur Stadium,1
16,2022,West Ham United,Leicester City,London Stadium,0
16,2022,Manchester City,Brentford,Etihad Stadium,0
15,2022,Tottenham Hotspur,Liverpool,Tottenham Hotspur Stadium,0
15,2022,Aston Villa,Manchester United,Villa Park,1
15,2022,Southampton,Newcastle United,St. Mary's Stadium,0
15,2022,West Ham United,Crystal Palace,London Stadium,0
15,2022,Chelsea,Arsenal,Stamford Bridge,0
15,2022,Everton,Leicester City,Goodison Park,0
15,2022,Leeds United,Bournemouth,Elland Road,1
15,2022,Manchester City,Fulham,Etihad Stadium,1
15,2022,Nottingham Forest,Brentford,The City Ground,2
15,2022,Wolverhampton Wanderers,Brighton & Hove Albion,Molineux Stadium,0
14,2022,Manchester United,West Ham United,Old Trafford,1
14,2022,Arsenal,Nottingham Forest,Emirates Stadium,1
14,2022,Liverpool,Leeds United,Anfield,0
14,2022,Fulham,Everton,Craven Cottage,2
14,2022,Bournemouth,Tottenham Hotspur,Vitality Stadium,0
14,2022,Brentford,Wolverhampton Wanderers,Gtech Community Stadium,2
14,2022,Brighton & Hove Albion,Chelsea,Amex Stadium,1
14,2022,Crystal Palace,Southampton,Selhurst Park,1
14,2022,Newcastle United,Aston Villa,St. James' Park,1
14,2022,Leicester City,Manchester City,King Power Stadium,0
13,2022,West Ham United,Bournemouth,London Stadium,1
13,2022,Tottenham Hotspur,Newcastle United,Tottenham Hotspur Stadium,0
13,2022,Aston Villa,Brentford,Villa Park,1
13,2022,Leeds United,Fulham,Elland Road,0
13,2022,Southampton,Arsenal,St. Mary's Stadium,2
13,2022,Wolverhampton Wanderers,Leicester City,Molineux Stadium,0
13,2022,Chelsea,Manchester United,Stamford Bridge,2
13,2022,Everton,Crystal Palace,Goodison Park,1
13,2022,Manchester City,Brighton & Hove Albion,Etihad Stadium,1
13,2022,Nottingham Forest,Liverpool,The City Ground,1
12,2022,Leicester City,Leeds United,King Power Stadium,1
12,2022,Fulham,Aston Villa,Craven Cottage,1
12,2022,Manchester United,Tottenham Hotspur,Old Trafford,1
12,2022,Bournemouth,Southampton,Vitality Stadium,0
12,2022,Brentford,Chelsea,Gtech Community Stadium,2
12,2022,Liverpool,West Ham United,Anfield,1
12,2022,Newcastle United,Everton,St. James' Park,1
12,2022,Crystal Palace,Wolverhampton Wanderers,Selhurst Park,1
12,2022,Brighton & Hove Albion,Nottingham Forest,Amex Stadium,2
11,2022,Liverpool,Manchester City,Anfield,1
11,2022,Aston Villa,Chelsea,Villa Park,0
11,2022,Leeds United,Arsenal,Elland Road,0
11,2022,Manchester United,Newcastle United,Old Trafford,2
11,2022,Southampton,West Ham United,St. Mary's Stadium,2
11,2022,Tottenham Hotspur,Everton,Tottenham Hotspur Stadium,1
11,2022,Fulham,Bournemouth,Craven Cottage,2
11,2022,Wolverhampton Wanderers,Nottingham Forest,Molineux Stadium,1
11,2022,Leicester City,Crystal Palace,King Power Stadium,2
11,2022,Brentford,Brighton & Hove Albion,Gtech Community Stadium,1
10,2022,Nottingham Forest,Aston Villa,The City Ground,2
10,2022,Everton,Manchester United,Goodison Park,0
10,2022,Arsenal,Liverpool,Emirates Stadium,1
10,2022,Crystal Palace,Leeds United,Selhurst Park,1
10,2022,West Ham United,Fulham,London Stadium,1
10,2022,Brighton & Hove Albion,Tottenham Hotspur,Amex Stadium,0
10,2022,Bournemouth,Leicester City,Vitality Stadium,1
10,2022,Chelsea,Wolverhampton Wanderers,Stamford Bridge,1
10,2022,Manchester City,Southampton,Etihad Stadium,1
10,2022,Newcastle United,Brentford,St. James' Park,1
9,2022,Leicester City,Nottingham Forest,King Power Stadium,1
9,2022,Leeds United,Aston Villa,Elland Road,2
9,2022,Manchester City,Manchester United,Etihad Stadium,1
9,2022,West Ham United,Wolverhampton Wanderers,London Stadium,1
9,2022,Bournemouth,Brentford,Vitality Stadium,2
9,2022,Crystal Palace,Chelsea,Selhurst Park,0
9,2022,Fulham,Newcastle United,Craven Cottage,0
9,2022,Liverpool,Brighton & Hove Albion,Anfield,2
9,2022,Southampton,Everton,St. Mary's Stadium,0
9,2022,Arsenal,Tottenham Hotspur,Emirates Stadium,1
8,2022,Everton,West Ham United,Goodison Park,1
8,2022,Brentford,Arsenal,Gtech Community Stadium,0
8,2022,Tottenham Hotspur,Leicester City,Tottenham Hotspur Stadium,1
8,2022,Newcastle United,Bournemouth,St. James' Park,2
8,2022,Wolverhampton Wanderers,Manchester City,Molineux Stadium,0
8,2022,Aston Villa,Southampton,Villa Park,1
8,2022,Nottingham Forest,Fulham,The City Ground,0
6,2022,Manchester United,Arsenal,Old Trafford,1
6,2022,Brighton & Hove Albion,Leicester City,Amex Stadium,1
6,2022,Aston Villa,Manchester City,Villa Park,2
6,2022,Brentford,Leeds United,Gtech Community Stadium,1
6,2022,Chelsea,West Ham United,Stamford Bridge,1
6,2022,Newcastle United,Crystal Palace,St. James' Park,2
6,2022,Nottingham Forest,Bournemouth,The City Ground,0
6,2022,Tottenham Hotspur,Fulham,Tottenham Hotspur Stadium,1
6,2022,Wolverhampton Wanderers,Southampton,Molineux Stadium,1
6,2022,Everton,Liverpool,Goodison Park,2
5,2022,Leicester City,Manchester United,King Power Stadium,0
5,2022,Liverpool,Newcastle United,Anfield,1
5,2022,West Ham United,Tottenham Hotspur,London Stadium,2
5,2022,Arsenal,Aston Villa,Emirates Stadium,1
5,2022,Bournemouth,Wolverhampton Wanderers,Vitality Stadium,2
5,2022,Manchester City,Nottingham Forest,Etihad Stadium,1
5,2022,Leeds United,Everton,Elland Road,2
5,2022,Southampton,Chelsea,St. Mary's Stadium,1
5,2022,Crystal Palace,Brentford,Selhurst Park,2
5,2022,Fulham,Brighton & Hove Albion,Craven Cottage,1
4,2022,Nottingham Forest,Tottenham Hotspur,The City Ground,0
4,2022,Aston Villa,West Ham United,Villa Park,0
4,2022,Wolverhampton Wanderers,Newcastle United,Molineux Stadium,2
4,2022,Arsenal,Fulham,Emirates Stadium,1
4,2022,Brentford,Everton,Gtech Community Stadium,2
4,2022,Brighton & Hove Albion,Leeds United,Amex Stadium,1
4,2022,Chelsea,Leicester City,Stamford Bridge,1
4,2022,Liverpool,Bournemouth,Anfield,1
4,2022,Manchester City,Crystal Palace,Etihad Stadium,1
4,2022,Southampton,Manchester United,St. Mary's Stadium,0
3,2022,Manchester United,Liverpool,Old Trafford,1
3,2022,Newcastle United,Manchester City,St. James' Park,2
3,2022,Leeds United,Chelsea,Elland Road,1
3,2022,West Ham United,Brighton & Hove Albion,London Stadium,0
3,2022,Bournemouth,Arsenal,Vitality Stadium,0
3,2022,Crystal Palace,Aston Villa,Selhurst Park,1
3,2022,Everton,Nottingham Forest,Goodison Park,2
3,2022,Fulham,Brentford,Craven Cottage,1
3,2022,Leicester City,Southampton,King Power Stadium,0
3,2022,Tottenham Hotspur,Wolverhampton Wanderers,Tottenham Hotspur Stadium,1
2,2022,Liverpool,Crystal Palace,Anfield,2
2,2022,Chelsea,Tottenham Hotspur,Stamford Bridge,2
2,2022,Nottingham Forest,West Ham United,The City Ground,1
2,2022,Brentford,Manchester United,Gtech Community Stadium,1
2,2022,Arsenal,Leicester City,Emirates Stadium,1
2,2022,Brighton & Hove Albion,Newcastle United,Amex Stadium,2
2,2022,Manchester City,Bournemouth,Etihad Stadium,1
2,2022,Southampton,Leeds United,St. Mary's Stadium,2
2,2022,Wolverhampton Wanderers,Fulham,Molineux Stadium,2
2,2022,Aston Villa,Everton,Villa Park,1
1,2022,West Ham United,Manchester City,London Stadium,0
1,2022,Leicester City,Brentford,King Power Stadium,2
1,2022,Manchester United,Brighton & Hove Albion,Old Trafford,0
1,2022,Everton,Chelsea,Goodison Park,0
1,2022,Bournemouth,Aston Villa,Vitality Stadium,1
1,2022,Leeds United,Wolverhampton Wanderers,Elland Road,1
1,2022,Newcastle United,Nottingham Forest,St. James' Park,1
1,2022,Tottenham Hotspur,Southampton,Tottenham Hotspur Stadium,1
1,2022,Fulham,Liverpool,Craven Cottage,2
1,2022,Crystal Palace,Arsenal,Selhurst Park,0
38,2021,Arsenal,Everton,Emirates Stadium,1
38,2021,Brentford,Leeds United,Gtech Community Stadium,0
38,2021,Brighton & Hove Albion,West Ham United,Amex Stadium,1
38,2021,Burnley,Newcastle United,Turf Moor,0
38,2021,Chelsea,Watford,Stamford Bridge,1
38,2021,Crystal Palace,Manchester United,Selhurst Park,1
38,2021,Leicester City,Southampton,King Power Stadium,1
38,2021,Liverpool,Wolverhampton Wanderers,Anfield,1
38,2021,Manchester City,Aston Villa,Etihad Stadium,1
38,2021,Norwich City,Tottenham Hotspur,Carrow Road,0
37,2021,Aston Villa,Burnley,Villa Park,2
37,2021,Chelsea,Leicester City,Stamford Bridge,2
37,2021,Everton,Crystal Palace,Goodison Park,1
37,2021,Southampton,Liverpool,St. Mary's Stadium,0
37,2021,Newcastle United,Arsenal,St. James' Park,1
37,2021,Everton,Brentford,Goodison Park,0
37,2021,Aston Villa,Crystal Palace,Villa Park,2
37,2021,Leeds United,Brighton & Hove Albion,Elland Road,2
37,2021,Watford,Leicester City,Vicarage Road,0
37,2021,West Ham United,Manchester City,London Stadium,2
37,2021,Wolverhampton Wanderers,Norwich City,Molineux Stadium,2
37,2021,Tottenham Hotspur,Burnley,Tottenham Hotspur Stadium,1
36,2021,Tottenham Hotspur,Arsenal,Tottenham Hotspur Stadium,1
36,2021,Wolverhampton Wanderers,Manchester City,Molineux Stadium,0
36,2021,Leicester City,Norwich City,King Power Stadium,1
36,2021,Watford,Everton,Vicarage Road,2
36,2021,Leeds United,Chelsea,Elland Road,0
36,2021,Aston Villa,Liverpool,Villa Park,0
36,2021,Manchester City,Newcastle United,Etihad Stadium,1
36,2021,Arsenal,Leeds United,Emirates Stadium,1
36,2021,Leicester City,Everton,King Power Stadium,0
36,2021,Norwich City,West Ham United,Carrow Road,0
36,2021,Liverpool,Tottenham Hotspur,Anfield,2
36,2021,Brighton & Hove Albion,Manchester United,Amex Stadium,1
36,2021,Brentford,Southampton,Gtech Community Stadium,1
36,2021,Burnley,Aston Villa,Turf Moor,0
36,2021,Chelsea,Wolverhampton Wanderers,Stamford Bridge,2
36,2021,Crystal Palace,Watford,Selhurst Park,1
35,2021,Manchester United,Brentford,Old Trafford,1
35,2021,West Ham United,Arsenal,London Stadium,0
35,2021,Everton,Chelsea,Goodison Park,1
35,2021,Tottenham Hotspur,Leicester City,Tottenham Hotspur Stadium,1
35,2021,Leeds United,Manchester City,Elland Road,0
35,2021,Aston Villa,Norwich City,Villa Park,1
35,2021,Southampton,Crystal Palace,St. Mary's Stadium,0
35,2021,Watford,Burnley,Vicarage Road,0
35,2021,Wolverhampton Wanderers,Brighton & Hove Albion,Molineux Stadium,0
35,2021,Newcastle United,Liverpool,St. James' Park,0
34,2021,Manchester United,Chelsea,Old Trafford,2
34,2021,Crystal Palace,Leeds United,Selhurst Park,2
34,2021,Liverpool,Everton,Anfield,1
34,2021,Brighton & Hove Albion,Southampton,Amex Stadium,2
34,2021,Burnley,Wolverhampton Wanderers,Turf Moor,1
34,2021,Chelsea,West Ham United,Stamford Bridge,1
34,2021,Brentford,Tottenham Hotspur,Gtech Community Stadium,2
34,2021,Leicester City,Aston Villa,King Power Stadium,2
34,2021,Manchester City,Watford,Etihad Stadium,1
34,2021,Norwich City,Newcastle United,Carrow Road,0
34,2021,Arsenal,Manchester United,Emirates Stadium,1
33,2021,Burnley,Southampton,Turf Moor,1
33,2021,Manchester City,Brighton & Hove Albion,Etihad Stadium,1
33,2021,Chelsea,Arsenal,Stamford Bridge,0
33,2021,Everton,Leicester City,Goodison Park,2
33,2021,Newcastle United,Crystal Palace,St. James' Park,1
33,2021,Liverpool,Manchester United,Anfield,1
33,2021,Newcastle United,Leicester City,St. James' Park,1
33,2021,West Ham United,Burnley,London Stadium,2
33,2021,Manchester United,Norwich City,Old Trafford,1
33,2021,Southampton,Arsenal,St. Mary's Stadium,1
33,2021,Watford,Brentford,Vicarage Road,0
33,2021,Tottenham Hotspur,Brighton & Hove Albion,Tottenham Hotspur Stadium,0
32,2021,Manchester City,Liverpool,Etihad Stadium,2
32,2021,Brentford,West Ham United,Gtech Community Stadium,1
32,2021,Leicester City,Crystal Palace,King Power Stadium,1
32,2021,Norwich City,Burnley,Carrow Road,1
32,2021,Aston Villa,Tottenham Hotspur,Villa Park,0
32,2021,Arsenal,Brighton & Hove Albion,Emirates Stadium,0
32,2021,Southampton,Chelsea,St. Mary's Stadium,0
32,2021,Watford,Leeds United,Vicarage Road,0
32,2021,Everton,Manchester United,Goodison Park,1
32,2021,Newcastle United,Wolverhampton Wanderers,St. James' Park,1
31,2021,Burnley,Everton,Turf Moor,1
31,2021,Crystal Palace,Arsenal,Selhurst Park,1
31,2021,Tottenham Hotspur,Newcastle United,Tottenham Hotspur Stadium,1
31,2021,West Ham United,Everton,London Stadium,1
31,2021,Manchester United,Leicester City,Old Trafford,2
31,2021,Brighton & Hove Albion,Norwich City,Amex Stadium,2
31,2021,Burnley,Manchester City,Turf Moor,0
31,2021,Chelsea,Brentford,Stamford Bridge,0
31,2021,Leeds United,Southampton,Elland Road,2
31,2021,Wolverhampton Wanderers,Aston Villa,Molineux Stadium,1
31,2021,Liverpool,Watford,Anfield,1
30,2021,Tottenham Hotspur,West Ham United,Tottenham Hotspur Stadium,1
30,2021,Leicester City,Brentford,King Power Stadium,1
30,2021,Aston Villa,Arsenal,Villa Park,0
30,2021,Wolverhampton Wanderers,Leeds United,Molineux Stadium,0
29,2021,Everton,Newcastle United,Goodison Park,1
29,2021,Arsenal,Liverpool,Emirates Stadium,0
29,2021,Brighton & Hove Albion,Tottenham Hotspur,Amex Stadium,0
29,2021,Crystal Palace,Manchester City,Selhurst Park,2
29,2021,Arsenal,Leicester City,Emirates Stadium,1
29,2021,Chelsea,Newcastle United,Stamford Bridge,1
29,2021,Everton,Wolverhampton Wanderers,Goodison Park,0
29,2021,Leeds United,Norwich City,Elland Road,1
29,2021,Southampton,Watford,St. Mary's Stadium,0
29,2021,West Ham United,Aston Villa,London Stadium,1
29,2021,Manchester United,Tottenham Hotspur,Old Trafford,1
29,2021,Brentford,Burnley,Gtech Community Stadium,1
29,2021,Brighton & Hove Albion,Liverpool,Amex Stadium,0
28,2021,Leeds United,Aston Villa,Elland Road,0
28,2021,Norwich City,Chelsea,Carrow Road,0
28,2021,Southampton,Newcastle United,St. Mary's Stadium,0
28,2021,Wolverhampton Wanderers,Watford,Molineux Stadium,1
28,2021,Tottenham Hotspur,Everton,Tottenham Hotspur Stadium,1
28,2021,Manchester City,Manchester United,Etihad Stadium,1
28,2021,Watford,Arsenal,Vicarage Road,0
28,2021,Liverpool,West Ham United,Anfield,1
28,2021,Aston Villa,Southampton,Villa Park,1
28,2021,Burnley,Chelsea,Turf Moor,0
28,2021,Newcastle United,Brighton & Hove Albion,St. James' Park,1
28,2021,Norwich City,Brentford,Carrow Road,0
28,2021,Wolverhampton Wanderers,Crystal Palace,Molineux Stadium,0
28,2021,Leicester City,Leeds United,King Power Stadium,1
27,2021,Burnley,Leicester City,Turf Moor,0
27,2021,West Ham United,Wolverhampton Wanderers,London Stadium,1
27,2021,Everton,Manchester City,Goodison Park,0
27,2021,Brighton & Hove Albion,Aston Villa,Amex Stadium,0
27,2021,Brentford,Newcastle United,Gtech Community Stadium,0
27,2021,Crystal Palace,Burnley,Selhurst Park,2
27,2021,Manchester United,Watford,Old Trafford,2
27,2021,Leeds United,Tottenham Hotspur,Elland Road,0
27,2021,Southampton,Norwich City,St. Mary's Stadium,1
26,2021,Arsenal,Wolverhampton Wanderers,Emirates Stadium,1
26,2021,Liverpool,Leeds United,Anfield,1
26,2021,Burnley,Tottenham Hotspur,Turf Moor,1
26,2021,Watford,Crystal Palace,Vicarage Road,0
26,2021,Wolverhampton Wanderers,Leicester City,Molineux Stadium,1
26,2021,Leeds United,Manchester United,Elland Road,0
26,2021,Manchester City,Tottenham Hotspur,Etihad Stadium,0
26,2021,Arsenal,Brentford,Emirates Stadium,1
26,2021,Aston Villa,Watford,Villa Park,0
26,2021,Brighton & Hove Albion,Burnley,Amex Stadium,0
26,2021,Crystal Palace,Chelsea,Selhurst Park,0
26,2021,Liverpool,Norwich City,Anfield,1
26,2021,Southampton,Everton,St. Mary's Stadium,1
26,2021,West Ham United,Newcastle United,London Stadium,2
25,2021,Manchester United,Brighton & Hove Albion,Old Trafford,1
25,2021,Leicester City,West Ham United,King Power Stadium,2
25,2021,Burnley,Liverpool,Turf Moor,0
25,2021,Newcastle United,Aston Villa,St. James' Park,1
25,2021,Tottenham Hotspur,Wolverhampton Wanderers,Tottenham Hotspur Stadium,0
25,2021,Norwich City,Manchester City,Carrow Road,0
25,2021,Brentford,Crystal Palace,Gtech Community Stadium,2
25,2021,Everton,Leeds United,Goodison Park,1
25,2021,Watford,Brighton & Hove Albion,Vicarage Road,0
25,2021,Manchester United,Southampton,Old Trafford,2
24,2021,Liverpool,Leicester City,Anfield,1
24,2021,Wolverhampton Wanderers,Arsenal,Molineux Stadium,0
24,2021,Aston Villa,Leeds United,Villa Park,2
24,2021,Manchester City,Brentford,Etihad Stadium,1
24,2021,Norwich City,Crystal Palace,Carrow Road,2
24,2021,Tottenham Hotspur,Southampton,Tottenham Hotspur Stadium,0
24,2021,Burnley,Manchester United,Turf Moor,2
24,2021,Newcastle United,Everton,St. James' Park,1
24,2021,West Ham United,Watford,London Stadium,1
23,2021,Burnley,Watford,Turf Moor,2
23,2021,Chelsea,Tottenham Hotspur,Stamford Bridge,1
23,2021,Arsenal,Burnley,Emirates Stadium,2
23,2021,Crystal Palace,Liverpool,Selhurst Park,0
23,2021,Leicester City,Brighton & Hove Albion,King Power Stadium,2
23,2021,Southampton,Manchester City,St. Mary's Stadium,2
23,2021,Brentford,Wolverhampton Wanderers,Gtech Community Stadium,0
23,2021,Leeds United,Newcastle United,Elland Road,0
23,2021,Manchester United,West Ham United,Old Trafford,1
23,2021,Everton,Aston Villa,Goodison Park,0
23,2021,Watford,Norwich City,Vicarage Road,0
22,2021,Brentford,Manchester United,Gtech Community Stadium,0
22,2021,Leicester City,Tottenham Hotspur,King Power Stadium,0
22,2021,Brighton & Hove Albion,Chelsea,Amex Stadium,2
22,2021,Liverpool,Brentford,Anfield,1
22,2021,West Ham United,Leeds United,London Stadium,0
22,2021,Aston Villa,Manchester United,Villa Park,2
22,2021,Newcastle United,Watford,St. James' Park,2
22,2021,Norwich City,Everton,Carrow Road,1
22,2021,Wolverhampton Wanderers,Southampton,Molineux Stadium,1
22,2021,Manchester City,Chelsea,Etihad Stadium,1
22,2021,Brighton & Hove Albion,Crystal Palace,Amex Stadium,2
21,2021,West Ham United,Norwich City,London Stadium,1
21,2021,Southampton,Brentford,St. Mary's Stadium,1
21,2021,Manchester United,Wolverhampton Wanderers,Old Trafford,0
21,2021,Chelsea,Liverpool,Stamford Bridge,2
21,2021,Brentford,Aston Villa,Gtech Community Stadium,1
21,2021,Everton,Brighton & Hove Albion,Goodison Park,0
21,2021,Leeds United,Burnley,Elland Road,1
21,2021,Crystal Palace,West Ham United,Selhurst Park,0
21,2021,Watford,Tottenham Hotspur,Vicarage Road,0
21,2021,Arsenal,Manchester City,Emirates Stadium,0
20,2021,Manchester United,Burnley,Old Trafford,1
20,2021,Brentford,Manchester City,Gtech Community Stadium,0
20,2021,Chelsea,Brighton & Hove Albion,Stamford Bridge,2
20,2021,Leicester City,Liverpool,King Power Stadium,1
20,2021,Crystal Palace,Norwich City,Selhurst Park,1
20,2021,Southampton,Tottenham Hotspur,St. Mary's Stadium,2
20,2021,Watford,West Ham United,Vicarage Road,0
19,2021,Newcastle United,Manchester United,St. James' Park,2
19,2021,Brighton & Hove Albion,Brentford,Amex Stadium,1
19,2021,Aston Villa,Chelsea,Villa Park,0
19,2021,Manchester City,Leicester City,Etihad Stadium,1
19,2021,Norwich City,Arsenal,Carrow Road,0
19,2021,Tottenham Hotspur,Crystal Palace,Tottenham Hotspur Stadium,1
19,2021,West Ham United,Southampton,London Stadium,0
18,2021,Tottenham Hotspur,Liverpool,Tottenham Hotspur Stadium,2
18,2021,Newcastle United,Manchester City,St. James' Park,0
18,2021,Wolverhampton Wanderers,Chelsea,Molineux Stadium,2
18,2021,Leeds United,Arsenal,Elland Road,0
17,2021,Liverpool,Newcastle United,Anfield,1
17,2021,Chelsea,Everton,Stamford Bridge,2
17,2021,Arsenal,West Ham United,Emirates Stadium,1
17,2021,Brighton & Hove Albion,Wolverhampton Wanderers,Amex Stadium,0
17,2021,Crystal Palace,Southampton,Selhurst Park,2
17,2021,Manchester City,Leeds United,Etihad Stadium,1
17,2021,Norwich City,Aston Villa,Carrow Road,0
16,2021,Crystal Palace,Everton,Selhurst Park,1
16,2021,Burnley,West Ham United,Turf Moor,2
16,2021,Leicester City,Newcastle United,King Power Stadium,1
16,2021,Norwich City,Manchester United,Carrow Road,0
16,2021,Arsenal,Southampton,Emirates Stadium,1
16,2021,Chelsea,Leeds United,Stamford Bridge,1
16,2021,Liverpool,Aston Villa,Anfield,1
16,2021,Manchester City,Wolverhampton Wanderers,Etihad Stadium,1
16,2021,Brentford,Watford,Gtech Community Stadium,1
15,2021,Everton,Arsenal,Goodison Park,1
15,2021,Aston Villa,Leicester City,Villa Park,1
15,2021,Leeds United,Brentford,Elland Road,2
15,2021,Manchester United,Crystal Palace,Old Trafford,1
15,2021,Tottenham Hotspur,Norwich City,Tottenham Hotspur Stadium,1
15,2021,Watford,Manchester City,Vicarage Road,0
15,2021,Newcastle United,Burnley,St. James' Park,1
15,2021,Southampton,Brighton & Hove Albion,St. Mary's Stadium,2
15,2021,Wolverhampton Wanderers,Liverpool,Molineux Stadium,0
15,2021,West Ham United,Chelsea,London Stadium,1
14,2021,Manchester United,Arsenal,Old Trafford,1
14,2021,Tottenham Hotspur,Brentford,Tottenham Hotspur Stadium,1
14,2021,Aston Villa,Manchester City,Villa Park,0
14,2021,Everton,Liverpool,Goodison Park,0
14,2021,Southampton,Leicester City,St. Mary's Stadium,2
14,2021,Watford,Chelsea,Vicarage Road,0
14,2021,West Ham United,Brighton & Hove Albion,London Stadium,2
14,2021,Wolverhampton Wanderers,Burnley,Molineux Stadium,2
14,2021,Leeds United,Crystal Palace,Elland Road,1
14,2021,Newcastle United,Norwich City,St. James' Park,2
13,2021,Chelsea,Manchester United,Stamford Bridge,2
13,2021,Brentford,Everton,Gtech Community Stadium,1
13,2021,Leicester City,Watford,King Power Stadium,1
13,2021,Manchester City,West Ham United,Etihad Stadium,1
13,2021,Brighton & Hove Albion,Leeds United,Amex Stadium,2
13,2021,Crystal Palace,Aston Villa,Selhurst Park,0
13,2021,Liverpool,Southampton,Anfield,1
13,2021,Norwich City,Wolverhampton Wanderers,Carrow Road,2
13,2021,Arsenal,Newcastle United,Emirates Stadium,1
12,2021,Tottenham Hotspur,Leeds United,Tottenham Hotspur Stadium,1
12,2021,Manchester City,Everton,Etihad Stadium,1
12,2021,Liverpool,Arsenal,Anfield,1
12,2021,Aston Villa,Brighton & Hove Albion,Villa Park,1
12,2021,Burnley,Crystal Palace,Turf Moor,2
12,2021,Newcastle United,Brentford,St. James' Park,2
12,2021,Norwich City,Southampton,Carrow Road,1
12,2021,Watford,Manchester United,Vicarage Road,1
12,2021,Wolverhampton Wanderers,West Ham United,Molineux Stadium,1
12,2021,Leicester City,Chelsea,King Power Stadium,0
11,2021,West Ham United,Liverpool,London Stadium,1
11,2021,Arsenal,Watford,Emirates Stadium,1
11,2021,Everton,Tottenham Hotspur,Goodison Park,2
11,2021,Leeds United,Leicester City,Elland Road,2
11,2021,Brighton & Hove Albion,Newcastle United,Amex Stadium,2
11,2021,Brentford,Norwich City,Gtech Community Stadium,0
11,2021,Chelsea,Burnley,Stamford Bridge,2
11,2021,Crystal Palace,Wolverhampton Wanderers,Selhurst Park,1
11,2021,Manchester United,Manchester City,Old Trafford,0
11,2021,Southampton,Aston Villa,St. Mary's Stadium,1
10,2021,Wolverhampton Wanderers,Everton,Molineux Stadium,1
10,2021,Aston Villa,West Ham United,Villa Park,0
10,2021,Norwich City,Leeds United,Carrow Road,0
10,2021,Tottenham Hotspur,Manchester United,Tottenham Hotspur Stadium,0
10,2021,Burnley,Brentford,Turf Moor,1
10,2021,Liverpool,Brighton & Hove Albion,Anfield,2
10,2021,Manchester City,Crystal Palace,Etihad Stadium,0
10,2021,Newcastle United,Chelsea,St. James' Park,0
10,2021,Watford,Southampton,Vicarage Road,0
10,2021,Leicester City,Arsenal,King Power Stadium,0
9,2021,Manchester United,Liverpool,Old Trafford,0
9,2021,Brentford,Leicester City,Gtech Community Stadium,0
9,2021,West Ham United,Tottenham Hotspur,London Stadium,1
9,2021,Brighton & Hove Albion,Manchester City,Amex Stadium,0
9,2021,Crystal Palace,Newcastle United,Selhurst Park,2
9,2021,Everton,Watford,Goodison Park,0
9,2021,Leeds United,Wolverhampton Wanderers,Elland Road,2
9,2021,Southampton,Burnley,St. Mary's Stadium,2
9,2021,Chelsea,Norwich City,Stamford Bridge,1
9,2021,Arsenal,Aston Villa,Emirates Stadium,1
8,2021,Arsenal,Crystal Palace,Emirates Stadium,2
8,2021,Newcastle United,Tottenham Hotspur,St. James' Park,0
8,2021,Everton,West Ham United,Goodison Park,0
8,2021,Brentford,Chelsea,Gtech Community Stadium,0
8,2021,Aston Villa,Wolverhampton Wanderers,Villa Park,0
8,2021,Leicester City,Manchester United,King Power Stadium,1
8,2021,Manchester City,Burnley,Etihad Stadium,1
8,2021,Norwich City,Brighton & Hove Albion,Carrow Road,2
8,2021,Southampton,Leeds United,St. Mary's Stadium,1
8,2021,Watford,Liverpool,Vicarage Road,0
7,2021,Liverpool,Manchester City,Anfield,2
7,2021,Crystal Palace,Leicester City,Selhurst Park,2
7,2021,Tottenham Hotspur,Aston Villa,Tottenham Hotspur Stadium,1
7,2021,West Ham United,Brentford,London Stadium,0
7,2021,Brighton & Hove Albion,Arsenal,Amex Stadium,2
7,2021,Burnley,Norwich City,Turf Moor,2
7,2021,Chelsea,Southampton,Stamford Bridge,1
7,2021,Leeds United,Watford,Elland Road,1
7,2021,Wolverhampton Wanderers,Newcastle United,Molineux Stadium,1
7,2021,Manchester United,Everton,Old Trafford,2
6,2021,Crystal Palace,Brighton & Hove Albion,Selhurst Park,2
6,2021,Arsenal,Tottenham Hotspur,Emirates Stadium,1
6,2021,Southampton,Wolverhampton Wanderers,St. Mary's Stadium,0
6,2021,Brentford,Liverpool,Gtech Community Stadium,2
6,2021,Everton,Norwich City,Goodison Park,1
6,2021,Leeds United,West Ham United,Elland Road,0
6,2021,Leicester City,Burnley,King Power Stadium,2
6,2021,Watford,Newcastle United,Vicarage Road,2
6,2021,Chelsea,Manchester City,Stamford Bridge,0
6,2021,Manchester United,Aston Villa,Old Trafford,0
5,2021,Tottenham Hotspur,Chelsea,Tottenham Hotspur Stadium,0
5,2021,Brighton & Hove Albion,Leicester City,Amex Stadium,1
5,2021,West Ham United,Manchester United,London Stadium,0
5,2021,Aston Villa,Everton,Villa Park,1
5,2021,Burnley,Arsenal,Turf Moor,0
5,2021,Liverpool,Crystal Palace,Anfield,1
5,2021,Manchester City,Southampton,Etihad Stadium,2
5,2021,Norwich City,Watford,Carrow Road,0
5,2021,Wolverhampton Wanderers,Brentford,Molineux Stadium,0
5,2021,Newcastle United,Leeds United,St. James' Park,2
4,2021,Everton,Burnley,Goodison Park,1
4,2021,Leeds United,Liverpool,Elland Road,0
4,2021,Chelsea,Aston Villa,Stamford Bridge,1
4,2021,Arsenal,Norwich City,Emirates Stadium,1
4,2021,Brentford,Brighton & Hove Albion,Gtech Community Stadium,0
4,2021,Leicester City,Manchester City,King Power Stadium,0
4,2021,Manchester United,Newcastle United,Old Trafford,1
4,2021,Southampton,West Ham United,St. Mary's Stadium,2
4,2021,Watford,Wolverhampton Wanderers,Vicarage Road,0
4,2021,Crystal Palace,Tottenham Hotspur,Selhurst Park,1
3,2021,Wolverhampton Wanderers,Manchester United,Molineux Stadium,0
3,2021,Burnley,Leeds United,Turf Moor,2
3,2021,Tottenham Hotspur,Watford,Tottenham Hotspur Stadium,1
3,2021,Liverpool,Chelsea,Anfield,2
3,2021,Aston Villa,Brentford,Villa Park,2
3,2021,Brighton & Hove Albion,Everton,Amex Stadium,0
3,2021,Newcastle United,Southampton,St. James' Park,2
3,2021,Norwich City,Leicester City,Carrow Road,0
3,2021,West Ham United,Crystal Palace,London Stadium,2
3,2021,Manchester City,Arsenal,Etihad Stadium,1
2,2021,West Ham United,Leicester City,London Stadium,1
2,2021,Arsenal,Chelsea,Emirates Stadium,0
2,2021,Southampton,Manchester United,St. Mary's Stadium,2
2,2021,Wolverhampton Wanderers,Tottenham Hotspur,Molineux Stadium,0
2,2021,Brighton & Hove Albion,Watford,Amex Stadium,1
2,2021,Aston Villa,Newcastle United,Villa Park,1
2,2021,Crystal Palace,Brentford,Selhurst Park,2
2,2021,Leeds United,Everton,Elland Road,2
2,2021,Manchester City,Norwich City,Etihad Stadium,1
2,2021,Liverpool,Burnley,Anfield,1
1,2021,Tottenham Hotspur,Manchester City,Tottenham Hotspur Stadium,1
1,2021,Newcastle United,West Ham United,St. James' Park,0
1,2021,Norwich City,Liverpool,Carrow Road,0
1,2021,Burnley,Brighton & Hove Albion,Turf Moor,0
1,2021,Chelsea,Crystal Palace,Stamford Bridge,1
1,2021,Everton,Southampton,Goodison Park,1
1,2021,Leicester City,Wolverhampton Wanderers,King Power Stadium,1
1,2021,Watford,Aston Villa,Vicarage Road,1
1,2021,Manchester United,Leeds United,Old Trafford,1
1,2021,Brentford,Arsenal,Gtech Community Stadium,1
38,2020,Arsenal,Brighton & Hove Albion,Emirates Stadium,1
38,2020,Aston Villa,Chelsea,Villa Park,1
38,2020,Fulham,Newcastle United,Craven Cottage,0
38,2020,Leeds United,West Bromwich Albion,Elland Road,1
38,2020,Leicester City,Tottenham Hotspur,King Power Stadium,0
38,2020,Liverpool,Crystal Palace,Anfield,1
38,2020,Manchester City,Everton,Etihad Stadium,1
38,2020,Sheffield United,Burnley,Bramall Lane,1
38,2020,West Ham United,Southampton,London Stadium,1
38,2020,Wolverhampton Wanderers,Manchester United,Molineux Stadium,0
37,2020,Burnley,Liverpool,Turf Moor,0
37,2020,West Bromwich Albion,West Ham United,The Hawthorns,0
37,2020,Crystal Palace,Arsenal,Selhurst Park,0
37,2020,Everton,Wolverhampton Wanderers,Goodison Park,1
37,2020,Newcastle United,Sheffield United,St. James' Park,1
37,2020,Tottenham Hotspur,Aston Villa,Tottenham Hotspur Stadium,0
37,2020,Chelsea,Leicester City,Stamford Bridge,1
37,2020,Brighton & Hove Albion,Manchester City,Amex Stadium,1
37,2020,Manchester United,Fulham,Old Trafford,2
37,2020,Southampton,Leeds United,St. Mary's Stadium,0
36,2020,Everton,Sheffield United,Goodison Park,0
36,2020,West Bromwich Albion,Liverpool,The Hawthorns,0
36,2020,Tottenham Hotspur,Wolverhampton Wanderers,Tottenham Hotspur Stadium,1
36,2020,Crystal Palace,Aston Villa,Selhurst Park,1
36,2020,Brighton & Hove Albion,West Ham United,Amex Stadium,2
36,2020,Southampton,Fulham,St. Mary's Stadium,1
36,2020,Burnley,Leeds United,Turf Moor,0
36,2020,Newcastle United,Manchester City,St. James' Park,0
35,2020,Manchester United,Liverpool,Old Trafford,0
35,2020,Aston Villa,Everton,Villa Park,2
35,2020,Chelsea,Arsenal,Stamford Bridge,0
35,2020,Southampton,Crystal Palace,St. Mary's Stadium,1
35,2020,Manchester United,Leicester City,Old Trafford,0
35,2020,Fulham,Burnley,Craven Cottage,0
35,2020,Arsenal,West Bromwich Albion,Emirates Stadium,1
35,2020,West Ham United,Everton,London Stadium,0
35,2020,Aston Villa,Manchester United,Villa Park,0
35,2020,Wolverhampton Wanderers,Brighton & Hove Albion,Molineux Stadium,1
35,2020,Liverpool,Southampton,Anfield,1
35,2020,Manchester City,Chelsea,Etihad Stadium,0
35,2020,Sheffield United,Crystal Palace,Bramall Lane,0
35,2020,Leeds United,Tottenham Hotspur,Elland Road,1
35,2020,Leicester City,Newcastle United,King Power Stadium,0
34,2020,Burnley,West Ham United,Turf Moor,0
34,2020,West Bromwich Albion,Wolverhampton Wanderers,The Hawthorns,2
34,2020,Tottenham Hotspur,Sheffield United,Tottenham Hotspur Stadium,1
34,2020,Newcastle United,Arsenal,St. James' Park,0
34,2020,Everton,Aston Villa,Goodison Park,0
34,2020,Chelsea,Fulham,Stamford Bridge,1
34,2020,Brighton & Hove Albion,Leeds United,Amex Stadium,1
34,2020,Crystal Palace,Manchester City,Selhurst Park,0
34,2020,Southampton,Leicester City,St. Mary's Stadium,2
33,2020,Leicester City,Crystal Palace,King Power Stadium,1
33,2020,Aston Villa,West Bromwich Albion,Villa Park,2
33,2020,Leeds United,Manchester United,Elland Road,2
33,2020,Wolverhampton Wanderers,Burnley,Molineux Stadium,0
33,2020,Sheffield United,Brighton & Hove Albion,Bramall Lane,1
33,2020,West Ham United,Chelsea,London Stadium,0
33,2020,Liverpool,Newcastle United,Anfield,2
33,2020,Arsenal,Everton,Emirates Stadium,0
32,2020,Leicester City,West Bromwich Albion,King Power Stadium,1
32,2020,Aston Villa,Manchester City,Villa Park,0
32,2020,Tottenham Hotspur,Southampton,Tottenham Hotspur Stadium,1
32,2020,Chelsea,Brighton & Hove Albion,Stamford Bridge,2
32,2020,Leeds United,Liverpool,Elland Road,2
32,2020,Manchester United,Burnley,Old Trafford,1
32,2020,Arsenal,Fulham,Emirates Stadium,2
32,2020,Wolverhampton Wanderers,Sheffield United,Molineux Stadium,1
32,2020,Newcastle United,West Ham United,St. James' Park,1
32,2020,Everton,Tottenham Hotspur,Goodison Park,2
31,2020,Brighton & Hove Albion,Everton,Amex Stadium,2
31,2020,West Bromwich Albion,Southampton,The Hawthorns,1
31,2020,Sheffield United,Arsenal,Bramall Lane,0
31,2020,Tottenham Hotspur,Manchester United,Tottenham Hotspur Stadium,0
31,2020,West Ham United,Leicester City,London Stadium,1
31,2020,Burnley,Newcastle United,Turf Moor,0
31,2020,Crystal Palace,Chelsea,Selhurst Park,0
31,2020,Liverpool,Aston Villa,Anfield,1
31,2020,Manchester City,Leeds United,Etihad Stadium,0
31,2020,Fulham,Wolverhampton Wanderers,Craven Cottage,0
30,2020,Wolverhampton Wanderers,West Ham United,Molineux Stadium,0
30,2020,Everton,Crystal Palace,Goodison Park,2
30,2020,Manchester United,Brighton & Hove Albion,Old Trafford,1
30,2020,Aston Villa,Fulham,Villa Park,1
30,2020,Newcastle United,Tottenham Hotspur,St. James' Park,2
30,2020,Southampton,Burnley,St. Mary's Stadium,1
30,2020,Arsenal,Liverpool,Emirates Stadium,0
30,2020,Leicester City,Manchester City,King Power Stadium,0
30,2020,Leeds United,Sheffield United,Elland Road,1
30,2020,Chelsea,West Bromwich Albion,Stamford Bridge,0
29,2020,Aston Villa,Tottenham Hotspur,Villa Park,0
29,2020,West Ham United,Arsenal,London Stadium,2
29,2020,Brighton & Hove Albion,Newcastle United,Amex Stadium,1
29,2020,Fulham,Leeds United,Craven Cottage,0
28,2020,Wolverhampton Wanderers,Liverpool,Molineux Stadium,0
28,2020,Manchester United,West Ham United,Old Trafford,1
28,2020,Arsenal,Tottenham Hotspur,Emirates Stadium,1
28,2020,Leicester City,Sheffield United,King Power Stadium,1
28,2020,Southampton,Brighton & Hove Albion,St. Mary's Stadium,0
28,2020,Fulham,Manchester City,Craven Cottage,0
28,2020,Everton,Burnley,Goodison Park,0
28,2020,Crystal Palace,West Bromwich Albion,Selhurst Park,1
28,2020,Leeds United,Chelsea,Elland Road,2
28,2020,Newcastle United,Aston Villa,St. James' Park,2
27,2020,Manchester City,Southampton,Etihad Stadium,1
27,2020,West Ham United,Leeds United,London Stadium,1
27,2020,Chelsea,Everton,Stamford Bridge,1
27,2020,Tottenham Hotspur,Crystal Palace,Tottenham Hotspur Stadium,1
27,2020,Manchester City,Manchester United,Etihad Stadium,0
27,2020,Liverpool,Fulham,Anfield,0
27,2020,West Bromwich Albion,Newcastle United,The Hawthorns,2
27,2020,Brighton & Hove Albion,Leicester City,Amex Stadium,0
27,2020,Aston Villa,Wolverhampton Wanderers,Villa Park,2
27,2020,Sheffield United,Southampton,Bramall Lane,0
27,2020,Burnley,Arsenal,Turf Moor,2
26,2020,Liverpool,Chelsea,Anfield,0
26,2020,Fulham,Tottenham Hotspur,Craven Cottage,0
26,2020,West Bromwich Albion,Everton,The Hawthorns,0
26,2020,Crystal Palace,Manchester United,Selhurst Park,2
26,2020,Burnley,Leicester City,Turf Moor,2
26,2020,Sheffield United,Aston Villa,Bramall Lane,1
26,2020,Manchester City,Wolverhampton Wanderers,Etihad Stadium,1
26,2020,Everton,Southampton,Goodison Park,1
26,2020,Sheffield United,Liverpool,Bramall Lane,0
26,2020,Chelsea,Manchester United,Stamford Bridge,2
26,2020,Tottenham Hotspur,Burnley,Tottenham Hotspur Stadium,1
26,2020,Crystal Palace,Fulham,Selhurst Park,2
26,2020,Leicester City,Arsenal,King Power Stadium,0
26,2020,Newcastle United,Wolverhampton Wanderers,St. James' Park,2
26,2020,Leeds United,Aston Villa,Elland Road,0
26,2020,West Bromwich Albion,Brighton & Hove Albion,The Hawthorns,1
26,2020,Manchester City,West Ham United,Etihad Stadium,1
25,2020,Leeds United,Southampton,Elland Road,1
25,2020,Brighton & Hove Albion,Crystal Palace,Amex Stadium,0
25,2020,Manchester United,Newcastle United,Old Trafford,1
25,2020,Arsenal,Manchester City,Emirates Stadium,0
25,2020,Aston Villa,Leicester City,Villa Park,0
25,2020,West Ham United,Tottenham Hotspur,London Stadium,1
25,2020,Fulham,Sheffield United,Craven Cottage,1
25,2020,Liverpool,Everton,Anfield,0
25,2020,Burnley,West Bromwich Albion,Turf Moor,2
25,2020,Southampton,Chelsea,St. Mary's Stadium,2
25,2020,Wolverhampton Wanderers,Leeds United,Molineux Stadium,1
24,2020,Everton,Manchester City,Goodison Park,0
24,2020,Burnley,Fulham,Turf Moor,2
24,2020,Chelsea,Newcastle United,Stamford Bridge,1
24,2020,West Ham United,Sheffield United,London Stadium,1
24,2020,Everton,Fulham,Goodison Park,0
24,2020,Arsenal,Leeds United,Emirates Stadium,1
24,2020,West Bromwich Albion,Manchester United,The Hawthorns,2
24,2020,Southampton,Wolverhampton Wanderers,St. Mary's Stadium,0
24,2020,Brighton & Hove Albion,Aston Villa,Amex Stadium,2
24,2020,Manchester City,Tottenham Hotspur,Etihad Stadium,1
24,2020,Crystal Palace,Burnley,Selhurst Park,0
24,2020,Leicester City,Liverpool,King Power Stadium,1
23,2020,Leeds United,Crystal Palace,Elland Road,1
23,2020,Sheffield United,Chelsea,Bramall Lane,0
23,2020,Liverpool,Manchester City,Anfield,0
23,2020,Wolverhampton Wanderers,Leicester City,Molineux Stadium,2
23,2020,Tottenham Hotspur,West Bromwich Albion,Tottenham Hotspur Stadium,1
23,2020,Manchester United,Everton,Old Trafford,2
23,2020,Fulham,West Ham United,Craven Cottage,2
23,2020,Burnley,Brighton & Hove Albion,Turf Moor,2
23,2020,Newcastle United,Southampton,St. James' Park,1
23,2020,Aston Villa,Arsenal,Villa Park,1
22,2020,Tottenham Hotspur,Chelsea,Tottenham Hotspur Stadium,0
22,2020,Aston Villa,West Ham United,Villa Park,0
22,2020,Liverpool,Brighton & Hove Albion,Anfield,0
22,2020,Leeds United,Everton,Elland Road,0
22,2020,Burnley,Manchester City,Turf Moor,0
22,2020,Fulham,Leicester City,Craven Cottage,0
22,2020,Manchester United,Southampton,Old Trafford,1
22,2020,Newcastle United,Crystal Palace,St. James' Park,0
22,2020,Sheffield United,West Bromwich Albion,Bramall Lane,1
22,2020,Wolverhampton Wanderers,Arsenal,Molineux Stadium,1
21,2020,Brighton & Hove Albion,Tottenham Hotspur,Amex Stadium,1
21,2020,West Ham United,Liverpool,London Stadium,0
21,2020,Leicester City,Leeds United,King Power Stadium,0
21,2020,Chelsea,Burnley,Stamford Bridge,1
21,2020,Southampton,Aston Villa,St. Mary's Stadium,0
21,2020,Arsenal,Manchester United,Emirates Stadium,2
21,2020,Crystal Palace,Wolverhampton Wanderers,Selhurst Park,1
21,2020,Manchester City,Sheffield United,Etihad Stadium,1
21,2020,West Bromwich Albion,Fulham,The Hawthorns,2
21,2020,Everton,Newcastle United,Goodison Park,0
20,2020,Tottenham Hotspur,Liverpool,Tottenham Hotspur Stadium,0
20,2020,Everton,Leicester City,Goodison Park,2
20,2020,Manchester United,Sheffield United,Old Trafford,0
20,2020,Brighton & Hove Albion,Fulham,Amex Stadium,2
20,2020,Burnley,Aston Villa,Turf Moor,1
20,2020,Chelsea,Wolverhampton Wanderers,Stamford Bridge,2
20,2020,Southampton,Arsenal,St. Mary's Stadium,0
20,2020,West Bromwich Albion,Manchester City,The Hawthorns,0
20,2020,Crystal Palace,West Ham United,Selhurst Park,0
20,2020,Newcastle United,Leeds United,St. James' Park,0
19,2020,Aston Villa,Newcastle United,Villa Park,1
19,2020,Liverpool,Burnley,Anfield,0
19,2020,Fulham,Manchester United,Craven Cottage,0
19,2020,Manchester City,Aston Villa,Etihad Stadium,1
19,2020,Leicester City,Chelsea,King Power Stadium,1
19,2020,West Ham United,West Bromwich Albion,London Stadium,1
19,2020,Arsenal,Newcastle United,Emirates Stadium,1
19,2020,Manchester City,Crystal Palace,Etihad Stadium,1
19,2020,Liverpool,Manchester United,Anfield,2
19,2020,Sheffield United,Tottenham Hotspur,Bramall Lane,0
19,2020,Leicester City,Southampton,King Power Stadium,1
19,2020,Fulham,Chelsea,Craven Cottage,0
19,2020,Leeds United,Brighton & Hove Albion,Elland Road,0
19,2020,West Ham United,Burnley,London Stadium,1
19,2020,Wolverhampton Wanderers,West Bromwich Albion,Molineux Stadium,0
18,2020,Arsenal,Crystal Palace,Emirates Stadium,2
18,2020,Tottenham Hotspur,Fulham,Tottenham Hotspur Stadium,2
18,2020,Manchester City,Brighton & Hove Albion,Etihad Stadium,1
18,2020,Burnley,Manchester United,Turf Moor,0
18,2020,Wolverhampton Wanderers,Everton,Molineux Stadium,0
18,2020,Sheffield United,Newcastle United,Bramall Lane,1
17,2020,Southampton,Liverpool,St. Mary's Stadium,1
17,2020,Chelsea,Manchester City,Stamford Bridge,0
17,2020,Newcastle United,Leicester City,St. James' Park,0
17,2020,West Bromwich Albion,Arsenal,The Hawthorns,0
17,2020,Brighton & Hove Albion,Wolverhampton Wanderers,Amex Stadium,2
17,2020,Crystal Palace,Sheffield United,Selhurst Park,1
17,2020,Tottenham Hotspur,Leeds United,Tottenham Hotspur Stadium,1
17,2020,Manchester United,Aston Villa,Old Trafford,1
17,2020,Everton,West Ham United,Goodison Park,0
16,2020,Newcastle United,Liverpool,St. James' Park,2
16,2020,Manchester United,Wolverhampton Wanderers,Old Trafford,1
16,2020,Brighton & Hove Albion,Arsenal,Amex Stadium,0
16,2020,Burnley,Sheffield United,Turf Moor,1
16,2020,Southampton,West Ham United,St. Mary's Stadium,2
16,2020,West Bromwich Albion,Leeds United,The Hawthorns,0
16,2020,Chelsea,Aston Villa,Stamford Bridge,2
16,2020,Crystal Palace,Leicester City,Selhurst Park,2
15,2020,Wolverhampton Wanderers,Tottenham Hotspur,Molineux Stadium,2
15,2020,Liverpool,West Bromwich Albion,Anfield,2
15,2020,West Ham United,Brighton & Hove Albion,London Stadium,2
15,2020,Leeds United,Burnley,Elland Road,1
15,2020,Manchester City,Newcastle United,Etihad Stadium,1
15,2020,Sheffield United,Everton,Bramall Lane,0
15,2020,Arsenal,Chelsea,Emirates Stadium,1
15,2020,Aston Villa,Crystal Palace,Villa Park,1
15,2020,Fulham,Southampton,Craven Cottage,2
15,2020,Leicester City,Manchester United,King Power Stadium,2
14,2020,Chelsea,West Ham United,Stamford Bridge,1
14,2020,Burnley,Wolverhampton Wanderers,Turf Moor,1
14,2020,West Bromwich Albion,Aston Villa,The Hawthorns,0
14,2020,Manchester United,Leeds United,Old Trafford,1
14,2020,Tottenham Hotspur,Leicester City,Tottenham Hotspur Stadium,0
14,2020,Brighton & Hove Albion,Sheffield United,Amex Stadium,2
14,2020,Newcastle United,Fulham,St. James' Park,2
14,2020,Everton,Arsenal,Goodison Park,1
14,2020,Southampton,Manchester City,St. Mary's Stadium,0
14,2020,Crystal Palace,Liverpool,Selhurst Park,0
13,2020,Sheffield United,Manchester United,Bramall Lane,0
13,2020,Aston Villa,Burnley,Villa Park,2
13,2020,Fulham,Brighton & Hove Albion,Craven Cottage,2
13,2020,Liverpool,Tottenham Hotspur,Anfield,1
13,2020,West Ham United,Crystal Palace,London Stadium,2
13,2020,Arsenal,Southampton,Emirates Stadium,2
13,2020,Leeds United,Newcastle United,Elland Road,1
13,2020,Leicester City,Everton,King Power Stadium,0
13,2020,Manchester City,West Bromwich Albion,Etihad Stadium,2
13,2020,Wolverhampton Wanderers,Chelsea,Molineux Stadium,1
12,2020,Arsenal,Burnley,Emirates Stadium,0
12,2020,Leicester City,Brighton & Hove Albion,King Power Stadium,1
12,2020,Fulham,Liverpool,Craven Cottage,2
12,2020,Crystal Palace,Tottenham Hotspur,Selhurst Park,2
12,2020,Southampton,Sheffield United,St. Mary's Stadium,1
12,2020,Everton,Chelsea,Goodison Park,1
12,2020,Manchester United,Manchester City,Old Trafford,2
12,2020,Newcastle United,West Bromwich Albion,St. James' Park,1
12,2020,Wolverhampton Wanderers,Aston Villa,Molineux Stadium,0
12,2020,Leeds United,West Ham United,Elland Road,0
11,2020,Brighton & Hove Albion,Southampton,Amex Stadium,0
11,2020,Liverpool,Wolverhampton Wanderers,Anfield,1
11,2020,Tottenham Hotspur,Arsenal,Tottenham Hotspur Stadium,1
11,2020,Sheffield United,Leicester City,Bramall Lane,0
11,2020,West Bromwich Albion,Crystal Palace,The Hawthorns,0
11,2020,Chelsea,Leeds United,Stamford Bridge,1
11,2020,West Ham United,Manchester United,London Stadium,0
11,2020,Manchester City,Fulham,Etihad Stadium,1
11,2020,Burnley,Everton,Turf Moor,2
10,2020,West Ham United,Aston Villa,London Stadium,1
10,2020,Leicester City,Fulham,King Power Stadium,0
10,2020,Arsenal,Wolverhampton Wanderers,Emirates Stadium,0
10,2020,Chelsea,Tottenham Hotspur,Stamford Bridge,2
10,2020,Southampton,Manchester United,St. Mary's Stadium,0
10,2020,West Bromwich Albion,Sheffield United,The Hawthorns,1
10,2020,Everton,Leeds United,Goodison Park,0
10,2020,Manchester City,Burnley,Etihad Stadium,1
10,2020,Brighton & Hove Albion,Liverpool,Amex Stadium,2
10,2020,Crystal Palace,Newcastle United,Selhurst Park,0
9,2020,Wolverhampton Wanderers,Southampton,Molineux Stadium,2
9,2020,Burnley,Crystal Palace,Turf Moor,1
9,2020,Liverpool,Leicester City,Anfield,1
9,2020,Leeds United,Arsenal,Elland Road,2
9,2020,Sheffield United,West Ham United,Bramall Lane,0
9,2020,Fulham,Everton,Craven Cottage,0
9,2020,Manchester United,West Bromwich Albion,Old Trafford,1
9,2020,Tottenham Hotspur,Manchester City,Tottenham Hotspur Stadium,1
9,2020,Aston Villa,Brighton & Hove Albion,Villa Park,0
9,2020,Newcastle United,Chelsea,St. James' Park,0
8,2020,Arsenal,Aston Villa,Emirates Stadium,0
8,2020,Manchester City,Liverpool,Etihad Stadium,2
8,2020,Leicester City,Wolverhampton Wanderers,King Power Stadium,1
8,2020,West Bromwich Albion,Tottenham Hotspur,The Hawthorns,0
8,2020,West Ham United,Fulham,London Stadium,1
8,2020,Chelsea,Sheffield United,Stamford Bridge,1
8,2020,Crystal Palace,Leeds United,Selhurst Park,1
8,2020,Everton,Manchester United,Goodison Park,0
8,2020,Southampton,Newcastle United,St. Mary's Stadium,1
8,2020,Brighton & Hove Albion,Burnley,Amex Stadium,2
7,2020,Leeds United,Leicester City,Elland Road,0
7,2020,Fulham,West Bromwich Albion,Craven Cottage,1
7,2020,Tottenham Hotspur,Brighton & Hove Albion,Tottenham Hotspur Stadium,1
7,2020,Manchester United,Arsenal,Old Trafford,0
7,2020,Newcastle United,Everton,St. James' Park,1
7,2020,Aston Villa,Southampton,Villa Park,0
7,2020,Liverpool,West Ham United,Anfield,1
7,2020,Burnley,Chelsea,Turf Moor,0
7,2020,Sheffield United,Manchester City,Bramall Lane,0
7,2020,Wolverhampton Wanderers,Crystal Palace,Molineux Stadium,1
6,2020,Burnley,Tottenham Hotspur,Turf Moor,0
6,2020,Brighton & Hove Albion,West Bromwich Albion,Amex Stadium,2
6,2020,Arsenal,Leicester City,Emirates Stadium,0
6,2020,Wolverhampton Wanderers,Newcastle United,Molineux Stadium,2
6,2020,Southampton,Everton,St. Mary's Stadium,1
6,2020,Liverpool,Sheffield United,Anfield,1
6,2020,Manchester United,Chelsea,Old Trafford,2
6,2020,Fulham,Crystal Palace,Craven Cottage,0
6,2020,West Ham United,Manchester City,London Stadium,2
6,2020,Aston Villa,Leeds United,Villa Park,0
5,2020,Leeds United,Wolverhampton Wanderers,Elland Road,0
5,2020,West Bromwich Albion,Burnley,The Hawthorns,2
5,2020,Leicester City,Aston Villa,King Power Stadium,0
5,2020,Tottenham Hotspur,West Ham United,Tottenham Hotspur Stadium,2
5,2020,Crystal Palace,Brighton & Hove Albion,Selhurst Park,2
5,2020,Sheffield United,Fulham,Bramall Lane,2
5,2020,Newcastle United,Manchester United,St. James' Park,0
5,2020,Manchester City,Arsenal,Etihad Stadium,1
5,2020,Chelsea,Southampton,Stamford Bridge,2
5,2020,Everton,Liverpool,Goodison Park,2
4,2020,Aston Villa,Liverpool,Villa Park,1
4,2020,Manchester United,Tottenham Hotspur,Old Trafford,0
4,2020,Arsenal,Sheffield United,Emirates Stadium,1
4,2020,Wolverhampton Wanderers,Fulham,Molineux Stadium,1
4,2020,Leicester City,West Ham United,King Power Stadium,0
4,2020,Southampton,West Bromwich Albion,St. Mary's Stadium,1
4,2020,Newcastle United,Burnley,St. James' Park,1
4,2020,Leeds United,Manchester City,Elland Road,2
4,2020,Everton,Brighton & Hove Albion,Goodison Park,1
4,2020,Chelsea,Crystal Palace,Stamford Bridge,1
3,2020,Liverpool,Arsenal,Anfield,1
3,2020,Fulham,Aston Villa,Craven Cottage,0
3,2020,West Ham United,Wolverhampton Wanderers,London Stadium,1
3,2020,Manchester City,Leicester City,Etihad Stadium,0
3,2020,Tottenham Hotspur,Newcastle United,Tottenham Hotspur Stadium,2
3,2020,Sheffield United,Leeds United,Bramall Lane,0
3,2020,Burnley,Southampton,Turf Moor,0
3,2020,West Bromwich Albion,Chelsea,The Hawthorns,2
3,2020,Crystal Palace,Everton,Selhurst Park,0
3,2020,Brighton & Hove Albion,Manchester United,Amex Stadium,0
2,2020,Wolverhampton Wanderers,Manchester City,Molineux Stadium,0
2,2020,Aston Villa,Sheffield United,Villa Park,1
2,2020,Leicester City,Burnley,King Power Stadium,1
2,2020,Chelsea,Liverpool,Stamford Bridge,0
2,2020,Newcastle United,Brighton & Hove Albion,St. James' Park,0
2,2020,Southampton,Tottenham Hotspur,St. Mary's Stadium,0
2,2020,Arsenal,West Ham United,Emirates Stadium,1
2,2020,Manchester United,Crystal Palace,Old Trafford,0
2,2020,Leeds United,Fulham,Elland Road,1
2,2020,Everton,West Bromwich Albion,Goodison Park,1
1,2020,Brighton & Hove Albion,Chelsea,Amex Stadium,0
1,2020,Sheffield United,Wolverhampton Wanderers,Bramall Lane,0
1,2020,Tottenham Hotspur,Everton,Tottenham Hotspur Stadium,0
1,2020,West Bromwich Albion,Leicester City,The Hawthorns,0
1,2020,West Ham United,Newcastle United,London Stadium,0
1,2020,Liverpool,Leeds United,Anfield,1
1,2020,Crystal Palace,Southampton,Selhurst Park,1
1,2020,Fulham,Arsenal,Craven Cottage,0
38,2019,Arsenal,Watford,Emirates Stadium,1
38,2019,Burnley,Brighton & Hove Albion,Turf Moor,0
38,2019,Chelsea,Wolverhampton Wanderers,Stamford Bridge,1
38,2019,Crystal Palace,Tottenham Hotspur,Selhurst Park,2
38,2019,Everton,Bournemouth,Goodison Park,0
38,2019,Leicester City,Manchester United,King Power Stadium,0
38,2019,Manchester City,Norwich City,Etihad Stadium,1
38,2019,Newcastle United,Liverpool,St. James' Park,0
38,2019,Southampton,Sheffield United,St. Mary's Stadium,1
38,2019,West Ham United,Aston Villa,London Stadium,2
37,2019,Liverpool,Chelsea,Anfield,1
37,2019,Manchester United,West Ham United,Old Trafford,2
37,2019,Aston Villa,Arsenal,Villa Park,1
37,2019,Watford,Manchester City,Vicarage Road,0
37,2019,Wolverhampton Wanderers,Crystal Palace,Molineux Stadium,1
37,2019,Brighton & Hove Albion,Newcastle United,Amex Stadium,2
37,2019,Sheffield United,Everton,Bramall Lane,0
37,2019,Tottenham Hotspur,Leicester City,Tottenham Hotspur Stadium,1
37,2019,Bournemouth,Southampton,Vitality Stadium,0
37,2019,Norwich City,Burnley,Carrow Road,0
36,2019,West Ham United,Watford,London Stadium,1
36,2019,Crystal Palace,Manchester United,Selhurst Park,0
36,2019,Southampton,Brighton & Hove Albion,St. Mary's Stadium,2
36,2019,Everton,Aston Villa,Goodison Park,2
36,2019,Leicester City,Sheffield United,King Power Stadium,1
36,2019,Arsenal,Liverpool,Emirates Stadium,1
36,2019,Burnley,Wolverhampton Wanderers,Turf Moor,2
36,2019,Manchester City,Bournemouth,Etihad Stadium,1
36,2019,Newcastle United,Tottenham Hotspur,St. James' Park,0
36,2019,Chelsea,Norwich City,Stamford Bridge,1
35,2019,Manchester United,Southampton,Old Trafford,2
35,2019,Bournemouth,Leicester City,Vitality Stadium,1
35,2019,Tottenham Hotspur,Arsenal,Tottenham Hotspur Stadium,1
35,2019,Aston Villa,Crystal Palace,Villa Park,1
35,2019,Wolverhampton Wanderers,Everton,Molineux Stadium,1
35,2019,Brighton & Hove Albion,Manchester City,Amex Stadium,0
35,2019,Sheffield United,Chelsea,Bramall Lane,1
35,2019,Liverpool,Burnley,Anfield,2
35,2019,Norwich City,West Ham United,Carrow Road,0
35,2019,Watford,Newcastle United,Vicarage Road,1
34,2019,Aston Villa,Manchester United,Villa Park,0
34,2019,Bournemouth,Tottenham Hotspur,Vitality Stadium,2
34,2019,Everton,Southampton,Goodison Park,2
34,2019,Brighton & Hove Albion,Liverpool,Amex Stadium,0
34,2019,Manchester City,Newcastle United,Etihad Stadium,1
34,2019,Sheffield United,Wolverhampton Wanderers,Bramall Lane,1
34,2019,West Ham United,Burnley,London Stadium,0
34,2019,Arsenal,Leicester City,Emirates Stadium,2
34,2019,Crystal Palace,Chelsea,Selhurst Park,0
34,2019,Watford,Norwich City,Vicarage Road,1
33,2019,Tottenham Hotspur,Everton,Tottenham Hotspur Stadium,1
33,2019,Southampton,Manchester City,St. Mary's Stadium,1
33,2019,Liverpool,Aston Villa,Anfield,1
33,2019,Newcastle United,West Ham United,St. James' Park,2
33,2019,Burnley,Sheffield United,Turf Moor,2
33,2019,Chelsea,Watford,Stamford Bridge,1
33,2019,Wolverhampton Wanderers,Arsenal,Molineux Stadium,0
33,2019,Leicester City,Crystal Palace,King Power Stadium,1
33,2019,Manchester United,Bournemouth,Old Trafford,1
33,2019,Norwich City,Brighton & Hove Albion,Carrow Road,0
32,2019,Manchester City,Liverpool,Etihad Stadium,1
32,2019,Sheffield United,Tottenham Hotspur,Bramall Lane,1
32,2019,West Ham United,Chelsea,London Stadium,1
32,2019,Arsenal,Norwich City,Emirates Stadium,1
32,2019,Bournemouth,Newcastle United,Vitality Stadium,0
32,2019,Everton,Leicester City,Goodison Park,1
32,2019,Brighton & Hove Albion,Manchester United,Amex Stadium,0
32,2019,Crystal Palace,Burnley,Selhurst Park,0
32,2019,Watford,Southampton,Vicarage Road,0
32,2019,Aston Villa,Wolverhampton Wanderers,Villa Park,0
31,2019,Chelsea,Manchester City,Stamford Bridge,1
31,2019,Burnley,Watford,Turf Moor,1
31,2019,Southampton,Arsenal,St. Mary's Stadium,0
31,2019,Liverpool,Crystal Palace,Anfield,1
31,2019,Manchester United,Sheffield United,Old Trafford,1
31,2019,Newcastle United,Aston Villa,St. James' Park,2
31,2019,Norwich City,Everton,Carrow Road,0
31,2019,Wolverhampton Wanderers,Bournemouth,Molineux Stadium,1
31,2019,Tottenham Hotspur,West Ham United,Tottenham Hotspur Stadium,1
31,2019,Leicester City,Brighton & Hove Albion,King Power Stadium,2
30,2019,Manchester City,Burnley,Etihad Stadium,1
30,2019,Everton,Liverpool,Goodison Park,2
30,2019,Aston Villa,Chelsea,Villa Park,0
30,2019,Newcastle United,Sheffield United,St. James' Park,1
30,2019,Bournemouth,Crystal Palace,Vitality Stadium,0
30,2019,West Ham United,Wolverhampton Wanderers,London Stadium,0
30,2019,Brighton & Hove Albion,Arsenal,Amex Stadium,1
30,2019,Watford,Leicester City,Vicarage Road,2
30,2019,Tottenham Hotspur,Manchester United,Tottenham Hotspur Stadium,2
30,2019,Norwich City,Southampton,Carrow Road,0
30,2019,Manchester City,Arsenal,Etihad Stadium,1
30,2019,Aston Villa,Sheffield United,Villa Park,2
29,2019,Leicester City,Aston Villa,King Power Stadium,1
29,2019,Manchester United,Manchester City,Old Trafford,1
29,2019,Chelsea,Everton,Stamford Bridge,1
29,2019,Burnley,Tottenham Hotspur,Turf Moor,2
29,2019,Arsenal,West Ham United,Emirates Stadium,1
29,2019,Crystal Palace,Watford,Selhurst Park,1
29,2019,Sheffield United,Norwich City,Bramall Lane,1
29,2019,Southampton,Newcastle United,St. Mary's Stadium,0
29,2019,Wolverhampton Wanderers,Brighton & Hove Albion,Molineux Stadium,2
29,2019,Liverpool,Bournemouth,Anfield,1
28,2019,Everton,Manchester United,Goodison Park,2
28,2019,Tottenham Hotspur,Wolverhampton Wanderers,Tottenham Hotspur Stadium,0
28,2019,Watford,Liverpool,Vicarage Road,1
28,2019,Bournemouth,Chelsea,Vitality Stadium,2
28,2019,Newcastle United,Burnley,St. James' Park,2
28,2019,West Ham United,Southampton,London Stadium,1
28,2019,Brighton & Hove Albion,Crystal Palace,Amex Stadium,0
28,2019,Norwich City,Leicester City,Carrow Road,1
27,2019,Liverpool,West Ham United,Anfield,1
27,2019,Arsenal,Everton,Emirates Stadium,1
27,2019,Manchester United,Watford,Old Trafford,1
27,2019,Wolverhampton Wanderers,Norwich City,Molineux Stadium,1
27,2019,Leicester City,Manchester City,King Power Stadium,0
27,2019,Burnley,Bournemouth,Turf Moor,1
27,2019,Crystal Palace,Newcastle United,Selhurst Park,1
27,2019,Sheffield United,Brighton & Hove Albion,Bramall Lane,2
27,2019,Southampton,Aston Villa,St. Mary's Stadium,1
27,2019,Chelsea,Tottenham Hotspur,Stamford Bridge,1
26,2019,Manchester City,West Ham United,Etihad Stadium,1
26,2019,Chelsea,Manchester United,Stamford Bridge,0
26,2019,Arsenal,Newcastle United,Emirates Stadium,1
26,2019,Aston Villa,Tottenham Hotspur,Villa Park,0
26,2019,Norwich City,Liverpool,Carrow Road,0
26,2019,Southampton,Burnley,St. Mary's Stadium,0
26,2019,Wolverhampton Wanderers,Leicester City,Molineux Stadium,2
26,2019,Sheffield United,Bournemouth,Bramall Lane,1
26,2019,Brighton & Hove Albion,Watford,Amex Stadium,2
26,2019,Everton,Crystal Palace,Goodison Park,1
25,2019,Tottenham Hotspur,Manchester City,Tottenham Hotspur Stadium,1
25,2019,Burnley,Arsenal,Turf Moor,2
25,2019,Manchester United,Wolverhampton Wanderers,Old Trafford,2
25,2019,Bournemouth,Aston Villa,Vitality Stadium,1
25,2019,Crystal Palace,Sheffield United,Selhurst Park,0
25,2019,Liverpool,Southampton,Anfield,1
25,2019,Newcastle United,Norwich City,St. James' Park,2
25,2019,Watford,Everton,Vicarage Road,0
25,2019,West Ham United,Brighton & Hove Albion,London Stadium,2
25,2019,Leicester City,Chelsea,King Power Stadium,2
24,2019,West Ham United,Liverpool,London Stadium,0
24,2019,Wolverhampton Wanderers,Liverpool,Molineux Stadium,0
24,2019,Manchester United,Burnley,Old Trafford,0
24,2019,Leicester City,West Ham United,King Power Stadium,1
24,2019,Tottenham Hotspur,Norwich City,Tottenham Hotspur Stadium,1
24,2019,Chelsea,Arsenal,Stamford Bridge,2
24,2019,Aston Villa,Watford,Villa Park,1
24,2019,Bournemouth,Brighton & Hove Albion,Vitality Stadium,1
24,2019,Crystal Palace,Southampton,Selhurst Park,0
24,2019,Everton,Newcastle United,Goodison Park,2
24,2019,Sheffield United,Manchester City,Bramall Lane,0
23,2019,Liverpool,Manchester United,Anfield,1
23,2019,Burnley,Leicester City,Turf Moor,1
23,2019,Newcastle United,Chelsea,St. James' Park,1
23,2019,Arsenal,Sheffield United,Emirates Stadium,2
23,2019,Brighton & Hove Albion,Aston Villa,Amex Stadium,2
23,2019,Manchester City,Crystal Palace,Etihad Stadium,2
23,2019,Norwich City,Bournemouth,Carrow Road,1
23,2019,Southampton,Wolverhampton Wanderers,St. Mary's Stadium,0
23,2019,West Ham United,Everton,London Stadium,2
23,2019,Watford,Tottenham Hotspur,Vicarage Road,2
22,2019,Aston Villa,Manchester City,Villa Park,0
22,2019,Bournemouth,Watford,Vitality Stadium,0
22,2019,Tottenham Hotspur,Liverpool,Tottenham Hotspur Stadium,0
22,2019,Chelsea,Burnley,Stamford Bridge,1
22,2019,Everton,Brighton & Hove Albion,Goodison Park,1
22,2019,Leicester City,Southampton,King Power Stadium,0
22,2019,Manchester United,Norwich City,Old Trafford,1
22,2019,Wolverhampton Wanderers,Newcastle United,Molineux Stadium,2
22,2019,Crystal Palace,Arsenal,Selhurst Park,2
22,2019,Sheffield United,West Ham United,Bramall Lane,1
21,2019,Liverpool,Sheffield United,Anfield,1
21,2019,Arsenal,Manchester United,Emirates Stadium,1
21,2019,Manchester City,Everton,Etihad Stadium,1
21,2019,Norwich City,Crystal Palace,Carrow Road,2
21,2019,West Ham United,Bournemouth,London Stadium,1
21,2019,Newcastle United,Leicester City,St. James' Park,0
21,2019,Southampton,Tottenham Hotspur,St. Mary's Stadium,1
21,2019,Watford,Wolverhampton Wanderers,Vicarage Road,1
21,2019,Brighton & Hove Albion,Chelsea,Amex Stadium,2
21,2019,Burnley,Aston Villa,Turf Moor,0
20,2019,Manchester City,Sheffield United,Etihad Stadium,1
20,2019,Liverpool,Wolverhampton Wanderers,Anfield,1
20,2019,Arsenal,Chelsea,Emirates Stadium,0
20,2019,Burnley,Manchester United,Turf Moor,0
20,2019,Norwich City,Tottenham Hotspur,Carrow Road,2
20,2019,West Ham United,Leicester City,London Stadium,0
20,2019,Newcastle United,Everton,St. James' Park,0
20,2019,Southampton,Crystal Palace,St. Mary's Stadium,2
20,2019,Watford,Aston Villa,Vicarage Road,1
20,2019,Brighton & Hove Albion,Bournemouth,Amex Stadium,1
19,2019,Wolverhampton Wanderers,Manchester City,Molineux Stadium,1
19,2019,Leicester City,Liverpool,King Power Stadium,0
19,2019,Manchester United,Newcastle United,Old Trafford,1
19,2019,Aston Villa,Norwich City,Villa Park,1
19,2019,Bournemouth,Arsenal,Vitality Stadium,2
19,2019,Chelsea,Southampton,Stamford Bridge,0
19,2019,Crystal Palace,West Ham United,Selhurst Park,1
19,2019,Everton,Burnley,Goodison Park,1
19,2019,Sheffield United,Watford,Bramall Lane,2
19,2019,Tottenham Hotspur,Brighton & Hove Albion,Tottenham Hotspur Stadium,1
18,2019,Tottenham Hotspur,Chelsea,Tottenham Hotspur Stadium,0
18,2019,Watford,Manchester United,Vicarage Road,1
18,2019,Manchester City,Leicester City,Etihad Stadium,1
18,2019,Aston Villa,Southampton,Villa Park,0
18,2019,Bournemouth,Burnley,Vitality Stadium,0
18,2019,Brighton & Hove Albion,Sheffield United,Amex Stadium,0
18,2019,Newcastle United,Crystal Palace,St. James' Park,1
18,2019,Norwich City,Wolverhampton Wanderers,Carrow Road,0
18,2019,Everton,Arsenal,Goodison Park,2
17,2019,Crystal Palace,Brighton & Hove Albion,Selhurst Park,2
17,2019,Arsenal,Manchester City,Emirates Stadium,0
17,2019,Manchester United,Everton,Old Trafford,2
17,2019,Wolverhampton Wanderers,Tottenham Hotspur,Molineux Stadium,0
17,2019,Southampton,West Ham United,St. Mary's Stadium,0
17,2019,Burnley,Newcastle United,Turf Moor,1
17,2019,Chelsea,Bournemouth,Stamford Bridge,0
17,2019,Leicester City,Norwich City,King Power Stadium,2
17,2019,Sheffield United,Aston Villa,Bramall Lane,1
17,2019,Liverpool,Watford,Anfield,1
16,2019,West Ham United,Arsenal,London Stadium,0
16,2019,Brighton & Hove Albion,Wolverhampton Wanderers,Amex Stadium,2
16,2019,Aston Villa,Leicester City,Villa Park,0
16,2019,Newcastle United,Southampton,St. James' Park,1
16,2019,Norwich City,Sheffield United,Carrow Road,0
16,2019,Manchester City,Manchester United,Etihad Stadium,0
16,2019,Bournemouth,Liverpool,Vitality Stadium,0
16,2019,Tottenham Hotspur,Burnley,Tottenham Hotspur Stadium,1
16,2019,Watford,Crystal Palace,Vicarage Road,2
16,2019,Everton,Chelsea,Goodison Park,1
15,2019,Arsenal,Brighton & Hove Albion,Emirates Stadium,0
15,2019,Sheffield United,Newcastle United,Bramall Lane,0
15,2019,Liverpool,Everton,Anfield,1
15,2019,Chelsea,Aston Villa,Stamford Bridge,1
15,2019,Leicester City,Watford,King Power Stadium,1
15,2019,Manchester United,Tottenham Hotspur,Old Trafford,1
15,2019,Southampton,Norwich City,St. Mary's Stadium,1
15,2019,Wolverhampton Wanderers,West Ham United,Molineux Stadium,1
15,2019,Burnley,Manchester City,Turf Moor,0
15,2019,Crystal Palace,Bournemouth,Selhurst Park,1
14,2019,Leicester City,Everton,King Power Stadium,1
14,2019,Manchester United,Aston Villa,Old Trafford,2
14,2019,Norwich City,Arsenal,Carrow Road,2
14,2019,Wolverhampton Wanderers,Sheffield United,Molineux Stadium,2
14,2019,Southampton,Watford,St. Mary's Stadium,1
14,2019,Burnley,Crystal Palace,Turf Moor,0
14,2019,Chelsea,West Ham United,Stamford Bridge,0
14,2019,Liverpool,Brighton & Hove Albion,Anfield,1
14,2019,Tottenham Hotspur,Bournemouth,Tottenham Hotspur Stadium,1
14,2019,Newcastle United,Manchester City,St. James' Park,2
13,2019,Aston Villa,Newcastle United,Villa Park,1
13,2019,Sheffield United,Manchester United,Bramall Lane,2
13,2019,Manchester City,Chelsea,Etihad Stadium,1
13,2019,Arsenal,Southampton,Emirates Stadium,2
13,2019,Bournemouth,Wolverhampton Wanderers,Vitality Stadium,0
13,2019,Brighton & Hove Albion,Leicester City,Amex Stadium,0
13,2019,Crystal Palace,Liverpool,Selhurst Park,0
13,2019,Everton,Norwich City,Goodison Park,0
13,2019,Watford,Burnley,Vicarage Road,0
13,2019,West Ham United,Tottenham Hotspur,London Stadium,0
12,2019,Liverpool,Manchester City,Anfield,1
12,2019,Manchester United,Brighton & Hove Albion,Old Trafford,1
12,2019,Wolverhampton Wanderers,Aston Villa,Molineux Stadium,1
12,2019,Leicester City,Arsenal,King Power Stadium,1
12,2019,Burnley,West Ham United,Turf Moor,1
12,2019,Newcastle United,Bournemouth,St. James' Park,1
12,2019,Southampton,Everton,St. Mary's Stadium,0
12,2019,Tottenham Hotspur,Sheffield United,Tottenham Hotspur Stadium,2
12,2019,Chelsea,Crystal Palace,Stamford Bridge,1
12,2019,Norwich City,Watford,Carrow Road,0
11,2019,Everton,Tottenham Hotspur,Goodison Park,2
11,2019,Crystal Palace,Leicester City,Selhurst Park,0
11,2019,Watford,Chelsea,Vicarage Road,0
11,2019,Arsenal,Wolverhampton Wanderers,Emirates Stadium,2
11,2019,Aston Villa,Liverpool,Villa Park,0
11,2019,Brighton & Hove Albion,Norwich City,Amex Stadium,1
11,2019,Manchester City,Southampton,Etihad Stadium,1
11,2019,Sheffield United,Burnley,Bramall Lane,1
11,2019,West Ham United,Newcastle United,London Stadium,0
11,2019,Bournemouth,Manchester United,Vitality Stadium,1
10,2019,Arsenal,Crystal Palace,Emirates Stadium,2
10,2019,Liverpool,Tottenham Hotspur,Anfield,1
10,2019,Norwich City,Manchester United,Carrow Road,0
10,2019,Newcastle United,Wolverhampton Wanderers,St. James' Park,2
10,2019,Burnley,Chelsea,Turf Moor,0
10,2019,Brighton & Hove Albion,Everton,Amex Stadium,1
10,2019,Watford,Bournemouth,Vicarage Road,2
10,2019,West Ham United,Sheffield United,London Stadium,2
10,2019,Manchester City,Aston Villa,Etihad Stadium,1
10,2019,Southampton,Leicester City,St. Mary's Stadium,0
9,2019,Sheffield United,Arsenal,Bramall Lane,1
9,2019,Manchester United,Liverpool,Old Trafford,2
9,2019,Crystal Palace,Manchester City,Selhurst Park,0
9,2019,Aston Villa,Brighton & Hove Albion,Villa Park,1
9,2019,Bournemouth,Norwich City,Vitality Stadium,2
9,2019,Chelsea,Newcastle United,Stamford Bridge,1
9,2019,Leicester City,Burnley,King Power Stadium,1
9,2019,Tottenham Hotspur,Watford,Tottenham Hotspur Stadium,2
9,2019,Wolverhampton Wanderers,Southampton,Molineux Stadium,2
9,2019,Everton,West Ham United,Goodison Park,1
8,2019,Newcastle United,Manchester United,St. James' Park,1
8,2019,Arsenal,Bournemouth,Emirates Stadium,1
8,2019,Manchester City,Wolverhampton Wanderers,Etihad Stadium,0
8,2019,Southampton,Chelsea,St. Mary's Stadium,0
8,2019,West Ham United,Crystal Palace,London Stadium,0
8,2019,Burnley,Everton,Turf Moor,1
8,2019,Liverpool,Leicester City,Anfield,1
8,2019,Norwich City,Aston Villa,Carrow Road,0
8,2019,Watford,Sheffield United,Vicarage Road,2
8,2019,Brighton & Hove Albion,Tottenham Hotspur,Amex Stadium,1
7,2019,Manchester United,Arsenal,Old Trafford,2
7,2019,Leicester City,Newcastle United,King Power Stadium,1
7,2019,Everton,Manchester City,Goodison Park,0
7,2019,Aston Villa,Burnley,Villa Park,2
7,2019,Bournemouth,West Ham United,Vitality Stadium,2
7,2019,Chelsea,Brighton & Hove Albion,Stamford Bridge,1
7,2019,Crystal Palace,Norwich City,Selhurst Park,1
7,2019,Tottenham Hotspur,Southampton,Tottenham Hotspur Stadium,1
7,2019,Wolverhampton Wanderers,Watford,Molineux Stadium,1
7,2019,Sheffield United,Liverpool,Bramall Lane,0
6,2019,Arsenal,Aston Villa,Emirates Stadium,1
6,2019,Chelsea,Liverpool,Stamford Bridge,0
6,2019,Crystal Palace,Wolverhampton Wanderers,Selhurst Park,2
6,2019,West Ham United,Manchester United,London Stadium,1
6,2019,Newcastle United,Brighton & Hove Albion,St. James' Park,2
6,2019,Burnley,Norwich City,Turf Moor,1
6,2019,Everton,Sheffield United,Goodison Park,0
6,2019,Manchester City,Watford,Etihad Stadium,1
6,2019,Leicester City,Tottenham Hotspur,King Power Stadium,1
6,2019,Southampton,Bournemouth,St. Mary's Stadium,0
5,2019,Aston Villa,West Ham United,Villa Park,2
5,2019,Watford,Arsenal,Vicarage Road,2
5,2019,Bournemouth,Everton,Vitality Stadium,1
5,2019,Norwich City,Manchester City,Carrow Road,1
5,2019,Brighton & Hove Albion,Burnley,Amex Stadium,2
5,2019,Manchester United,Leicester City,Old Trafford,1
5,2019,Sheffield United,Southampton,Bramall Lane,0
5,2019,Tottenham Hotspur,Crystal Palace,Tottenham Hotspur Stadium,1
5,2019,Wolverhampton Wanderers,Chelsea,Molineux Stadium,0
5,2019,Liverpool,Newcastle United,Anfield,1
4,2019,Arsenal,Tottenham Hotspur,Emirates Stadium,2
4,2019,Everton,Wolverhampton Wanderers,Goodison Park,1
4,2019,Burnley,Liverpool,Turf Moor,0
4,2019,Chelsea,Sheffield United,Stamford Bridge,2
4,2019,Crystal Palace,Aston Villa,Selhurst Park,1
4,2019,Leicester City,Bournemouth,King Power Stadium,1
4,2019,Manchester City,Brighton & Hove Albion,Etihad Stadium,1
4,2019,Newcastle United,Watford,St. James' Park,2
4,2019,West Ham United,Norwich City,London Stadium,1
4,2019,Southampton,Manchester United,St. Mary's Stadium,2
3,2019,Tottenham Hotspur,Newcastle United,Tottenham Hotspur Stadium,0
3,2019,Wolverhampton Wanderers,Burnley,Molineux Stadium,2
3,2019,Bournemouth,Manchester City,Vitality Stadium,0
3,2019,Liverpool,Arsenal,Anfield,1
3,2019,Brighton & Hove Albion,Southampton,Amex Stadium,0
3,2019,Manchester United,Crystal Palace,Old Trafford,0
3,2019,Sheffield United,Leicester City,Bramall Lane,0
3,2019,Watford,West Ham United,Vicarage Road,0
3,2019,Norwich City,Chelsea,Carrow Road,0
3,2019,Aston Villa,Everton,Villa Park,1
2,2019,Wolverhampton Wanderers,Manchester United,Molineux Stadium,2
2,2019,Chelsea,Leicester City,Stamford Bridge,2
2,2019,Sheffield United,Crystal Palace,Bramall Lane,1
2,2019,Manchester City,Tottenham Hotspur,Etihad Stadium,2
2,2019,Aston Villa,Bournemouth,Villa Park,0
2,2019,Brighton & Hove Albion,West Ham United,Amex Stadium,2
2,2019,Everton,Watford,Goodison Park,1
2,2019,Norwich City,Newcastle United,Carrow Road,1
2,2019,Southampton,Liverpool,St. Mary's Stadium,0
2,2019,Arsenal,Burnley,Emirates Stadium,1
1,2019,Manchester United,Chelsea,Old Trafford,1
1,2019,Leicester City,Wolverhampton Wanderers,King Power Stadium,2
1,2019,Newcastle United,Arsenal,St. James' Park,0
1,2019,Tottenham Hotspur,Aston Villa,Tottenham Hotspur Stadium,1
1,2019,Bournemouth,Sheffield United,Vitality Stadium,2
1,2019,Burnley,Southampton,Turf Moor,1
1,2019,Crystal Palace,Everton,Selhurst Park,2
1,2019,Watford,Brighton & Hove Albion,Vicarage Road,0
1,2019,West Ham United,Manchester City,London Stadium,0
1,2019,Liverpool,Norwich City,Anfield,1
